model,seed,epochs,train_MAE,train_R2,validation_MAE,validation_R2,test_MAE,test_R2
MLP,0,180,0.18220874667167664,0.9952679872512817,0.193724125623703,0.9962595701217651,0.24835054576396942,0.9919717311859131
MLP,1,156,0.186961829662323,0.9948593378067017,0.21498726308345795,0.9952665567398071,0.26880234479904175,0.9906302094459534
MLP,2,71,0.25524476170539856,0.9901304244995117,0.20370307564735413,0.995965838432312,0.31154438853263855,0.9867404103279114
1D-CNN (7-day),0,73,0.17676343023777008,0.9952994585037231,0.24629931151866913,0.9939926266670227,0.37832435965538025,0.9795883297920227
1D-CNN (7-day),1,219,0.1052883118391037,0.9982784390449524,0.2192734330892563,0.9949056506156921,0.32689324021339417,0.9830390214920044
1D-CNN (7-day),2,85,0.14911197125911713,0.9967848658561707,0.22608628869056702,0.9944115281105042,0.33271828293800354,0.9839907288551331
LSTM (7-day),0,98,0.1822105348110199,0.9949941635131836,0.20341774821281433,0.9953539371490479,0.24963144958019257,0.9911996126174927
LSTM (7-day),1,105,0.19225995242595673,0.9943972229957581,0.18965981900691986,0.9961436986923218,0.26871880888938904,0.9899125099182129
LSTM (7-day),2,118,0.18708784878253937,0.9947322010993958,0.19515705108642578,0.9961477518081665,0.2725936770439148,0.9898010492324829
