date,T2M,T2M_MAX,T2M_MIN,RH2M,WS2M,ALLSKY_SFC_SW_DWN,PRECTOTCORR
2019-01-01,18.36,29.17,8.46,27.86,1.29,17.42,0.0
2019-01-02,19.63,30.43,9.23,31.46,1.1,17.88,0.0
2019-01-03,19.76,29.54,10.74,30.16,0.97,17.41,0.0
2019-01-04,18.49,29.46,9.82,35.07,1.61,16.82,0.0
2019-01-05,18.66,28.92,9.65,42.56,1.31,16.6,0.0
2019-01-06,19.68,29.31,10.53,43.91,1.43,14.67,0.0
2019-01-07,19.5,28.98,12.58,34.99,1.53,15.03,0.0
2019-01-08,17.64,27.18,8.75,33.0,1.79,16.19,0.0
2019-01-09,17.88,27.98,8.8,30.14,1.31,16.79,0.0
2019-01-10,17.81,28.13,9.3,34.23,1.58,16.98,0.0
2019-01-11,18.25,28.21,9.3,41.96,1.34,15.99,0.0
2019-01-12,19.18,28.77,10.46,46.54,1.7,13.98,0.0
2019-01-13,20.98,28.67,12.37,50.47,1.3,11.58,0.0
2019-01-14,20.18,28.32,14.29,40.69,1.89,12.08,0.0
2019-01-15,18.63,28.35,10.66,31.47,1.65,17.74,0.0
2019-01-16,18.88,29.39,9.55,26.59,1.3,18.73,0.0
2019-01-17,20.07,30.58,10.28,27.37,1.05,18.78,0.0
2019-01-18,20.44,30.59,10.89,23.21,1.33,18.61,0.0
2019-01-19,20.53,30.88,10.25,19.46,1.4,18.78,0.0
2019-01-20,20.5,31.59,10.63,20.82,1.18,19.22,0.0
2019-01-21,20.77,31.98,11.7,28.34,1.76,19.39,0.0
2019-01-22,21.24,30.63,13.18,38.15,2.46,16.38,0.0
2019-01-23,22.24,30.32,14.39,45.51,1.93,14.38,0.0
2019-01-24,22.79,30.03,14.61,47.53,1.29,12.71,0.55
2019-01-25,21.11,26.87,17.17,69.89,2.11,7.05,13.98
2019-01-26,18.26,23.19,15.42,80.55,2.71,6.72,4.46
2019-01-27,18.05,25.16,12.83,72.31,2.13,14.58,0.03
2019-01-28,15.44,24.7,8.28,46.28,2.75,19.41,0.0
2019-01-29,14.17,24.12,5.74,40.59,2.15,20.78,0.0
2019-01-30,15.16,25.62,5.44,39.96,1.52,20.49,0.0
2019-01-31,17.22,27.39,6.52,38.66,1.52,19.33,0.0
2019-02-01,18.97,28.7,9.06,42.3,1.35,18.23,0.0
2019-02-02,20.23,29.78,11.53,44.64,1.41,16.81,0.0
2019-02-03,20.59,30.21,12.42,44.35,1.79,17.51,0.0
2019-02-04,21.52,30.63,12.74,42.34,1.55,15.87,0.0
2019-02-05,21.71,31.04,13.49,40.64,1.68,17.08,0.0
2019-02-06,22.8,32.4,14.6,38.25,1.78,16.89,0.0
2019-02-07,23.47,31.64,15.74,43.44,2.56,14.02,0.03
2019-02-08,21.85,29.58,16.54,32.16,2.24,18.19,0.04
2019-02-09,18.07,27.83,10.44,18.17,2.66,22.18,0.0
2019-02-10,17.51,28.01,8.01,22.6,1.75,22.34,0.0
2019-02-11,19.5,30.38,8.83,27.57,1.38,21.57,0.0
2019-02-12,21.39,32.47,11.05,27.49,1.7,20.43,0.0
2019-02-13,22.47,33.21,12.63,27.19,1.43,20.34,0.0
2019-02-14,23.48,34.33,13.39,28.66,1.41,20.3,0.0
2019-02-15,24.85,33.99,16.05,40.65,1.86,14.68,6.01
2019-02-16,23.92,31.55,17.48,56.23,1.47,16.79,0.07
2019-02-17,21.43,30.34,12.51,35.63,1.8,21.78,0.0
2019-02-18,21.81,32.13,12.11,28.5,1.32,21.75,0.0
2019-02-19,24.52,35.3,15.03,30.75,1.52,21.42,0.0
2019-02-20,25.7,35.48,15.81,38.75,1.64,19.1,0.0
2019-02-21,27.32,36.26,18.34,39.58,1.78,18.81,0.09
2019-02-22,28.63,37.53,20.33,38.2,1.94,19.09,0.12
2019-02-23,28.04,36.84,19.56,34.62,1.77,20.2,0.04
2019-02-24,27.54,37.28,19.42,30.23,2.35,21.03,0.0
2019-02-25,26.54,36.05,19.19,20.42,2.44,22.08,0.02
2019-02-26,25.57,34.33,17.79,20.51,2.33,20.4,0.0
2019-02-27,25.09,33.52,16.55,27.9,2.97,21.74,0.0
2019-02-28,23.41,31.67,16.16,28.97,2.46,23.05,0.0
2019-03-01,22.86,31.84,14.2,26.79,2.32,23.08,0.0
2019-03-02,25.73,34.25,16.12,35.67,2.48,21.49,0.0
2019-03-03,27.87,35.99,21.52,40.78,2.81,15.13,4.38
2019-03-04,26.87,35.88,18.04,38.71,1.73,21.62,0.02
2019-03-05,26.22,34.95,19.21,37.7,2.4,22.97,0.0
2019-03-06,24.28,33.14,16.0,32.41,2.49,23.5,0.0
2019-03-07,24.49,33.3,15.75,26.89,1.88,24.41,0.0
2019-03-08,25.5,34.94,16.21,24.17,1.73,24.44,0.0
2019-03-09,27.52,36.99,19.31,24.24,1.79,23.39,0.0
2019-03-10,28.0,37.83,18.16,23.69,1.89,24.61,0.0
2019-03-11,28.9,38.4,18.92,23.82,1.74,23.06,0.0
2019-03-12,29.87,38.09,20.43,24.5,1.37,22.99,0.0
2019-03-13,30.87,38.36,22.44,28.36,2.17,20.55,0.18
2019-03-14,30.93,38.38,24.23,28.26,1.98,16.58,0.14
2019-03-15,29.91,37.7,22.15,30.09,1.67,19.28,0.0
2019-03-16,29.62,38.21,20.73,30.89,2.25,21.84,0.0
2019-03-17,30.44,39.03,22.02,29.96,3.1,20.62,0.13
2019-03-18,30.25,38.31,22.65,26.88,2.38,22.92,1.55
2019-03-19,28.37,36.81,20.03,32.19,1.31,22.55,0.0
2019-03-20,29.73,37.74,21.25,36.72,3.09,17.71,3.82
2019-03-21,30.03,36.83,22.77,44.97,2.04,22.98,1.18
2019-03-22,30.37,38.42,22.67,34.85,1.02,23.88,0.0
2019-03-23,28.98,37.96,20.06,27.1,2.53,25.24,0.0
2019-03-24,29.36,38.63,20.03,21.9,2.11,25.46,0.0
2019-03-25,30.36,40.07,19.94,21.73,1.62,25.38,0.0
2019-03-26,31.63,40.68,22.12,19.99,1.29,25.11,0.0
2019-03-27,30.52,39.15,21.3,19.14,2.05,26.69,0.0
2019-03-28,29.8,39.52,19.81,14.36,1.87,26.4,0.0
2019-03-29,31.4,41.18,20.85,16.24,1.3,26.67,0.0
2019-03-30,32.5,42.16,23.01,17.14,1.85,24.69,0.0
2019-03-31,33.63,43.21,23.64,17.73,2.33,23.27,0.0
2019-04-01,33.22,41.93,24.14,16.38,2.4,25.4,0.0
2019-04-02,32.44,41.27,22.31,12.75,2.17,26.46,0.0
2019-04-03,33.43,42.13,24.84,14.44,1.15,25.74,0.0
2019-04-04,34.19,43.29,25.18,22.49,2.25,22.32,0.0
2019-04-05,34.96,43.92,26.93,19.21,3.18,23.01,0.43
2019-04-06,34.71,44.08,25.52,15.9,2.92,23.74,0.0
2019-04-07,33.85,42.85,24.79,15.99,2.32,25.79,0.0
2019-04-08,34.25,42.75,25.25,17.37,1.39,24.93,0.0
2019-04-09,33.96,43.36,25.17,14.99,1.86,26.01,0.0
2019-04-10,34.04,43.77,24.36,13.24,2.01,27.89,0.0
2019-04-11,34.68,43.63,25.03,16.17,0.83,23.7,0.48
2019-04-12,35.48,43.53,27.07,19.38,1.87,26.19,1.13
2019-04-13,35.3,43.85,26.57,16.59,1.52,26.37,0.02
2019-04-14,35.35,44.31,25.93,19.34,1.39,25.81,0.0
2019-04-15,35.79,43.73,27.33,19.64,1.67,19.75,0.0
2019-04-16,34.09,40.97,28.69,24.61,1.56,11.91,1.54
2019-04-17,31.79,38.48,25.24,34.96,1.65,21.18,2.91
2019-04-18,31.54,39.28,23.11,29.0,2.3,23.87,0.0
2019-04-19,31.88,39.96,22.56,25.12,1.62,26.32,0.0
2019-04-20,33.09,40.6,23.66,29.79,1.69,24.3,0.31
2019-04-21,34.18,41.06,27.5,30.4,1.53,25.45,0.32
2019-04-22,33.91,41.02,26.47,27.94,1.42,25.72,0.13
2019-04-23,34.53,42.69,25.59,20.72,1.44,25.13,0.0
2019-04-24,34.94,43.42,25.76,18.4,1.33,26.88,0.0
2019-04-25,35.99,44.7,27.06,18.32,1.51,26.2,0.0
2019-04-26,37.42,45.61,28.47,17.08,1.52,26.33,0.0
2019-04-27,38.05,45.83,29.77,15.94,0.8,26.8,0.0
2019-04-28,36.8,45.08,28.17,18.61,1.7,27.02,0.0
2019-04-29,37.22,46.04,28.29,17.58,1.94,27.07,0.0
2019-04-30,37.26,45.91,28.12,16.34,1.1,27.49,0.0
2019-05-01,36.33,44.88,27.32,13.44,1.56,27.91,0.0
2019-05-02,36.78,44.91,28.25,17.5,1.85,23.37,0.0
2019-05-03,36.21,44.33,28.3,21.71,2.96,24.28,0.0
2019-05-04,35.78,43.79,28.58,18.28,3.77,22.79,0.0
2019-05-05,35.13,43.07,27.57,18.02,3.75,25.05,0.0
2019-05-06,35.81,43.82,26.89,15.68,2.31,23.84,0.0
2019-05-07,36.24,44.56,28.27,16.38,3.24,25.85,0.0
2019-05-08,36.81,44.85,28.97,14.95,4.01,27.55,0.0
2019-05-09,36.79,44.9,28.9,15.42,4.72,28.72,0.0
2019-05-10,37.13,44.62,28.92,19.19,3.13,24.95,0.0
2019-05-11,36.9,43.46,30.45,22.91,2.53,24.84,0.0
2019-05-12,36.8,44.82,28.98,16.36,3.17,28.39,0.0
2019-05-13,36.93,44.58,28.1,17.99,2.58,25.25,0.0
2019-05-14,37.06,44.43,29.56,18.88,2.54,26.39,0.0
2019-05-15,37.16,44.54,28.86,16.73,1.83,25.65,0.0
2019-05-16,37.09,44.36,29.58,17.69,3.23,27.29,0.0
2019-05-17,36.99,44.59,29.41,18.42,3.64,28.4,0.0
2019-05-18,36.35,43.58,29.57,20.15,4.09,26.65,0.0
2019-05-19,36.28,43.87,28.31,18.68,2.53,26.82,0.0
2019-05-20,37.68,44.97,28.78,16.32,1.34,25.32,0.0
2019-05-21,38.53,45.32,30.96,18.51,1.34,25.44,0.0
2019-05-22,38.9,46.06,31.63,21.88,1.76,27.18,2.51
2019-05-23,38.56,45.77,30.16,18.83,1.77,27.25,0.0
2019-05-24,38.49,45.7,31.33,20.23,2.51,28.41,0.0
2019-05-25,38.32,45.43,30.91,18.24,3.37,28.54,0.0
2019-05-26,38.9,45.68,31.58,19.78,2.34,26.1,0.0
2019-05-27,39.7,46.92,31.58,17.51,2.79,26.63,0.0
2019-05-28,39.9,47.04,32.16,17.69,2.99,26.67,0.0
2019-05-29,39.5,46.48,32.28,20.26,1.45,24.24,0.0
2019-05-30,38.99,45.68,32.26,27.51,2.96,24.61,0.0
2019-05-31,39.11,45.69,32.69,28.49,3.79,23.12,0.74
2019-06-01,38.81,44.6,33.01,27.58,2.94,19.86,0.18
2019-06-02,39.44,46.53,32.49,22.83,1.84,22.61,0.0
2019-06-03,39.9,47.25,33.12,23.33,2.45,23.36,0.09
2019-06-04,39.34,46.97,31.73,25.62,3.44,24.19,0.49
2019-06-05,40.58,47.79,33.05,22.34,2.84,24.18,0.04
2019-06-06,40.46,46.44,33.91,18.7,1.78,22.85,0.0
2019-06-07,40.38,47.49,34.12,22.25,3.04,21.85,0.37
2019-06-08,38.44,43.98,31.97,28.6,2.09,22.01,0.61
2019-06-09,38.81,44.22,33.66,30.68,2.39,22.03,0.42
2019-06-10,39.5,46.38,32.66,27.2,2.59,22.49,2.51
2019-06-11,38.84,45.38,32.31,27.18,3.69,26.08,0.81
2019-06-12,38.21,44.91,32.38,32.84,4.68,26.69,0.27
2019-06-13,34.75,38.59,31.02,42.51,3.62,26.67,0.01
2019-06-14,36.14,42.08,30.62,37.75,3.49,25.0,0.08
2019-06-15,37.0,43.07,31.17,33.46,3.55,21.66,2.92
2019-06-16,35.85,41.3,31.36,39.67,3.22,21.85,2.02
2019-06-17,36.02,41.26,30.58,37.86,3.27,19.18,0.66
2019-06-18,36.26,41.91,30.48,34.72,3.22,21.02,0.12
2019-06-19,36.53,41.79,31.07,35.85,3.03,21.52,0.13
2019-06-20,32.96,36.88,29.11,48.08,3.01,22.6,2.49
2019-06-21,34.33,41.63,27.73,46.26,2.02,23.57,1.09
2019-06-22,32.22,36.71,28.59,52.12,2.25,14.75,3.53
2019-06-23,31.3,36.45,26.96,62.81,2.06,12.93,13.46
2019-06-24,31.8,37.57,26.56,62.56,2.08,17.74,0.52
2019-06-25,32.68,38.5,26.8,57.91,2.86,21.6,0.2
2019-06-26,33.34,39.06,27.63,57.44,2.31,23.6,1.47
2019-06-27,31.34,36.83,27.74,68.27,3.06,16.02,3.81
2019-06-28,28.17,31.05,26.28,81.97,2.89,15.2,6.32
2019-06-29,28.34,33.09,25.48,76.12,3.02,16.17,16.15
2019-06-30,27.38,31.12,24.48,83.82,3.25,16.81,44.97
2019-07-01,27.91,32.12,24.92,82.17,2.69,12.05,26.35
2019-07-02,26.58,28.77,25.08,88.84,3.37,7.82,26.96
2019-07-03,27.64,31.44,24.92,82.65,4.91,5.23,10.74
2019-07-04,26.78,30.55,24.32,83.68,4.45,9.18,6.9
2019-07-05,25.54,27.98,23.31,84.61,5.44,7.95,11.47
2019-07-06,27.85,32.95,24.17,78.49,4.51,8.68,1.71
2019-07-07,27.05,30.51,24.13,82.25,4.59,11.72,4.25
2019-07-08,26.4,29.04,24.44,86.12,3.84,12.22,8.59
2019-07-09,27.69,32.6,24.5,80.89,3.71,14.68,8.78
2019-07-10,28.66,33.18,24.79,76.86,3.86,15.24,2.26
2019-07-11,28.18,32.0,25.42,78.58,3.21,15.42,0.06
2019-07-12,28.69,33.13,25.23,75.8,3.09,17.99,0.03
2019-07-13,28.62,33.13,24.8,74.96,3.36,18.4,0.0
2019-07-14,29.14,34.27,25.18,72.93,4.3,20.32,0.95
2019-07-15,29.17,34.45,25.07,72.51,3.56,22.08,0.36
2019-07-16,29.96,35.34,25.64,70.11,2.84,23.93,0.0
2019-07-17,30.38,35.08,25.72,69.35,1.77,23.23,0.0
2019-07-18,30.07,34.8,26.52,71.53,1.9,20.29,4.37
2019-07-19,29.99,35.48,25.12,70.29,1.19,19.01,4.52
2019-07-20,29.38,33.85,25.79,78.33,1.73,20.49,11.44
2019-07-21,29.02,33.92,25.58,78.34,2.24,18.57,4.02
2019-07-22,29.06,33.56,24.81,77.22,2.02,21.28,1.08
2019-07-23,29.56,34.67,25.39,71.63,2.11,20.65,0.2
2019-07-24,29.71,34.87,24.6,72.24,2.17,20.44,0.37
2019-07-25,28.49,33.25,25.49,79.93,3.31,13.21,41.71
2019-07-26,26.91,30.45,24.68,85.04,3.59,6.4,14.49
2019-07-27,26.4,29.14,24.37,88.53,3.89,9.77,26.98
2019-07-28,26.77,30.31,24.69,84.7,4.02,6.06,20.47
2019-07-29,27.05,31.17,24.4,86.73,4.06,10.3,16.72
2019-07-30,26.39,29.09,24.23,88.83,5.76,5.9,63.13
2019-07-31,25.48,28.9,23.31,87.11,5.86,6.54,27.89
2019-08-01,25.86,29.49,23.34,86.69,4.22,7.31,2.05
2019-08-02,25.39,27.08,23.77,91.45,4.5,6.16,25.5
2019-08-03,26.93,30.95,23.77,86.22,4.5,5.92,18.13
2019-08-04,27.54,31.74,24.83,85.74,3.64,13.76,7.33
2019-08-05,27.18,30.4,24.7,86.18,3.26,11.14,5.22
2019-08-06,26.34,29.44,24.36,88.48,3.31,7.71,9.32
2019-08-07,25.93,28.4,24.34,91.22,4.29,8.27,25.02
2019-08-08,25.02,27.25,23.68,92.27,5.43,3.54,46.13
2019-08-09,26.02,29.84,23.11,86.21,4.93,6.58,22.04
2019-08-10,26.84,30.86,22.89,85.02,2.5,16.09,2.84
2019-08-11,27.27,31.36,24.27,83.73,2.43,19.77,1.5
2019-08-12,26.85,30.96,24.09,85.15,2.96,16.77,2.86
2019-08-13,25.43,27.0,24.46,93.66,3.36,8.47,40.33
2019-08-14,25.21,26.62,23.82,92.57,3.86,4.81,12.19
2019-08-15,26.23,30.1,23.04,85.05,3.11,15.16,2.0
2019-08-16,26.96,30.94,23.64,84.84,2.61,18.9,0.79
2019-08-17,27.22,31.08,24.18,84.06,1.93,19.54,0.42
2019-08-18,26.15,29.48,23.96,86.81,1.76,19.2,0.07
2019-08-19,26.66,30.44,23.43,88.22,2.11,15.09,17.92
2019-08-20,26.85,30.77,24.29,87.98,2.41,12.9,7.79
2019-08-21,26.44,29.68,24.24,90.72,2.36,11.44,5.77
2019-08-22,26.43,29.52,24.07,88.26,2.45,12.13,9.89
2019-08-23,26.57,30.36,23.91,88.4,2.66,13.52,5.1
2019-08-24,25.3,27.73,23.52,93.26,3.05,12.98,18.45
2019-08-25,25.07,27.45,23.31,94.09,2.68,9.67,24.58
2019-08-26,25.62,28.72,23.63,90.82,3.4,7.73,23.97
2019-08-27,25.07,28.23,22.76,89.08,3.76,9.51,5.0
2019-08-28,25.92,29.63,22.62,86.04,2.16,13.76,0.32
2019-08-29,26.83,30.27,22.78,83.56,1.11,14.07,10.11
2019-08-30,26.62,29.16,24.23,88.75,1.48,12.18,13.46
2019-08-31,26.86,29.97,24.53,89.79,1.73,13.67,16.67
2019-09-01,26.48,28.69,24.67,92.48,2.29,14.95,13.73
2019-09-02,25.47,26.95,24.25,93.9,2.81,9.34,12.2
2019-09-03,25.94,28.83,23.79,91.45,1.64,8.96,31.12
2019-09-04,27.01,31.01,24.19,89.35,1.16,9.74,26.78
2019-09-05,27.06,30.55,24.49,89.51,1.89,15.21,41.98
2019-09-06,26.87,29.26,24.92,93.7,3.03,6.65,51.97
2019-09-07,25.99,27.72,24.93,94.91,3.02,11.12,18.56
2019-09-08,26.17,28.93,24.47,93.01,2.94,3.99,16.83
2019-09-09,26.41,29.76,24.11,90.82,2.85,10.29,5.07
2019-09-10,26.37,28.95,24.28,91.9,2.99,9.46,4.81
2019-09-11,26.12,27.74,24.71,93.05,3.39,7.42,6.71
2019-09-12,25.47,27.69,24.06,93.22,3.96,8.2,25.22
2019-09-13,25.65,28.79,23.04,91.18,3.94,10.32,3.89
2019-09-14,26.04,29.6,23.54,89.17,3.17,5.7,0.92
2019-09-15,26.31,30.12,23.45,88.04,2.34,11.62,1.53
2019-09-16,25.83,28.64,23.43,90.85,2.32,10.22,6.78
2019-09-17,26.93,30.26,23.88,90.31,1.34,13.31,24.98
2019-09-18,26.72,29.2,24.78,91.53,1.87,17.42,1.4
2019-09-19,26.52,29.74,23.93,89.36,2.09,15.53,13.16
2019-09-20,25.85,28.54,24.23,91.67,1.83,18.36,2.68
2019-09-21,26.58,29.33,23.84,88.15,1.25,17.24,13.47
2019-09-22,26.07,28.22,24.21,90.67,1.28,18.63,3.1
2019-09-23,26.74,30.23,23.5,87.56,0.99,18.23,3.37
2019-09-24,26.14,29.04,23.86,90.35,1.9,16.23,5.31
2019-09-25,25.36,27.53,23.83,93.2,1.8,6.62,15.75
2019-09-26,25.32,27.99,23.58,92.39,2.44,13.05,15.08
2019-09-27,24.69,26.63,23.29,94.7,2.56,12.86,13.47
2019-09-28,24.73,27.23,22.96,93.77,1.88,10.14,14.71
2019-09-29,25.0,27.21,23.4,94.4,1.89,10.88,19.21
2019-09-30,25.14,27.83,22.92,91.63,1.36,17.58,7.26
2019-10-01,25.14,28.18,22.6,91.42,1.4,16.19,3.7
2019-10-02,25.56,29.07,23.05,89.01,2.12,20.46,0.75
2019-10-03,25.84,29.82,21.34,84.88,0.99,18.15,0.28
2019-10-04,26.23,29.48,22.45,81.21,0.91,20.01,0.1
2019-10-05,25.34,29.38,21.09,81.04,1.16,21.47,0.01
2019-10-06,25.38,29.85,20.48,79.46,0.98,19.37,0.13
2019-10-07,25.04,29.21,21.02,83.39,1.41,18.76,0.12
2019-10-08,24.64,29.08,20.59,85.35,1.78,20.19,0.0
2019-10-09,24.73,29.09,20.74,85.08,1.48,19.59,0.68
2019-10-10,24.19,29.0,19.74,82.65,1.39,20.49,0.01
2019-10-11,24.39,29.12,20.02,83.46,1.34,20.0,0.0
2019-10-12,24.25,29.01,19.96,84.26,1.36,19.37,0.0
2019-10-13,24.32,29.03,19.82,82.53,1.22,18.13,0.01
2019-10-14,23.84,29.23,19.51,80.04,1.38,20.97,0.01
2019-10-15,23.26,28.85,17.82,80.09,1.33,19.97,0.0
2019-10-16,22.71,28.03,17.94,81.38,1.47,18.35,0.0
2019-10-17,23.34,28.5,18.37,84.37,1.47,19.02,0.0
2019-10-18,23.99,27.74,21.02,88.72,1.16,10.26,1.36
2019-10-19,24.19,28.3,20.65,88.23,1.33,12.99,3.83
2019-10-20,23.99,28.01,20.94,89.29,1.7,11.48,16.17
2019-10-21,23.05,25.97,21.11,91.46,1.64,13.3,5.22
2019-10-22,24.06,28.58,20.6,86.65,1.39,10.12,0.11
2019-10-23,23.72,28.42,20.03,84.94,2.14,16.82,0.64
2019-10-24,23.24,28.12,19.51,85.03,2.04,9.82,0.49
2019-10-25,22.44,26.83,18.2,87.44,1.85,9.67,0.16
2019-10-26,22.4,26.37,19.61,88.48,2.06,9.69,10.01
2019-10-27,23.34,27.69,20.05,88.53,1.39,14.01,14.74
2019-10-28,24.3,28.85,20.0,85.89,1.33,13.11,1.5
2019-10-29,24.81,29.34,20.29,84.46,1.32,15.13,0.14
2019-10-30,24.16,27.81,20.95,85.15,1.33,16.92,1.74
2019-10-31,23.47,27.63,20.41,87.06,1.25,16.36,1.65
2019-11-01,23.55,27.86,19.75,81.32,0.92,13.76,2.04
2019-11-02,23.39,27.27,20.51,86.94,1.4,9.68,0.35
2019-11-03,24.02,28.22,19.97,76.41,0.88,16.0,0.0
2019-11-04,24.42,29.2,19.23,76.81,0.94,16.33,0.0
2019-11-05,24.51,29.31,19.5,78.66,1.2,16.86,0.0
2019-11-06,23.96,28.52,19.22,79.63,0.9,15.29,0.0
2019-11-07,23.08,28.26,18.48,84.11,1.19,14.98,0.0
2019-11-08,22.66,28.0,17.94,82.12,1.32,14.11,0.22
2019-11-09,22.03,27.92,17.31,81.47,1.54,16.46,0.0
2019-11-10,21.67,27.62,16.53,83.05,1.53,17.6,0.0
2019-11-11,21.25,27.48,15.95,80.34,1.57,18.03,0.0
2019-11-12,20.58,26.78,14.62,77.02,1.37,17.1,0.0
2019-11-13,20.1,26.07,14.86,78.57,1.28,17.44,0.0
2019-11-14,19.16,25.56,13.49,79.5,1.54,17.73,0.0
2019-11-15,19.2,25.32,12.82,79.67,1.32,17.47,0.0
2019-11-16,20.06,25.92,14.09,76.9,1.31,16.61,0.0
2019-11-17,19.76,26.12,14.63,77.91,1.55,16.58,0.0
2019-11-18,19.49,26.31,13.37,78.36,1.78,17.54,0.0
2019-11-19,19.95,26.16,13.77,80.06,1.13,17.33,0.0
2019-11-20,19.85,26.09,13.97,80.73,1.31,14.89,0.0
2019-11-21,19.79,25.99,14.34,81.87,1.43,16.19,0.0
2019-11-22,20.09,25.66,13.99,78.95,0.99,16.35,0.0
2019-11-23,20.43,26.33,13.53,77.32,0.92,16.33,0.0
2019-11-24,19.6,25.25,14.64,79.87,1.42,15.35,0.0
2019-11-25,19.63,25.73,15.13,83.06,1.49,15.66,0.0
2019-11-26,19.68,26.62,14.12,85.1,1.55,16.17,0.0
2019-11-27,19.83,26.87,13.83,84.45,1.31,16.53,0.0
2019-11-28,20.52,26.85,15.09,82.53,1.45,16.31,0.0
2019-11-29,20.45,26.51,14.75,80.98,1.01,15.27,0.0
2019-11-30,20.27,26.94,14.76,83.16,1.48,13.74,0.0
2019-12-01,20.38,26.56,15.26,82.54,1.52,11.72,0.0
2019-12-02,21.02,26.43,17.51,81.59,1.64,12.91,0.0
2019-12-03,20.6,26.16,15.7,84.01,1.3,13.47,0.0
2019-12-04,19.75,25.98,15.39,82.97,1.84,15.37,0.0
2019-12-05,17.8,24.7,13.24,78.75,1.61,16.74,0.0
2019-12-06,16.37,23.56,11.02,78.28,1.76,16.39,0.0
2019-12-07,17.09,24.25,11.1,78.15,1.52,14.65,0.0
2019-12-08,18.15,24.79,11.61,76.71,1.3,15.86,0.0
2019-12-09,18.49,25.23,11.84,76.84,1.27,15.42,0.0
2019-12-10,18.69,24.73,12.91,76.47,1.09,14.66,0.0
2019-12-11,18.85,26.04,12.39,76.42,0.97,14.39,0.0
2019-12-12,18.9,26.21,13.03,80.18,1.94,12.49,0.0
2019-12-13,19.93,24.57,16.49,85.93,1.84,9.59,0.85
2019-12-14,19.71,23.54,16.85,90.47,0.97,10.83,0.83
2019-12-15,19.13,22.74,16.84,92.54,1.61,9.14,2.46
2019-12-16,19.21,25.26,15.12,84.31,2.19,8.08,0.15
2019-12-17,18.63,24.72,14.28,80.86,1.96,13.52,0.01
2019-12-18,17.88,25.01,11.4,75.75,1.6,14.53,0.0
2019-12-19,17.97,24.69,11.27,74.57,1.35,14.71,0.0
2019-12-20,18.56,25.31,11.91,75.56,1.12,15.51,0.0
2019-12-21,19.09,26.13,13.23,76.31,1.0,14.42,0.0
2019-12-22,19.13,26.09,12.81,77.64,1.16,12.53,0.0
2019-12-23,19.1,25.77,14.39,78.95,1.68,14.3,0.0
2019-12-24,19.7,26.45,13.86,78.83,1.72,12.53,0.0
2019-12-25,20.76,26.78,15.65,77.48,1.07,11.64,1.76
2019-12-26,20.89,25.54,17.61,85.02,0.82,6.24,1.42
2019-12-27,15.16,22.85,8.59,59.84,2.84,16.89,0.07
2019-12-28,11.84,21.23,4.75,57.94,2.17,18.24,0.0
2019-12-29,12.38,22.28,3.59,58.64,1.67,17.15,0.0
2019-12-30,14.22,22.92,5.7,66.8,1.7,16.98,0.1
2019-12-31,14.62,20.44,11.24,82.47,2.57,7.64,6.46
2020-01-01,17.89,24.72,12.99,81.29,2.44,7.02,1.52
2020-01-02,15.16,17.44,13.56,91.55,2.49,4.57,20.44
2020-01-03,18.43,24.84,12.5,83.32,1.03,10.88,2.59
2020-01-04,17.73,23.01,14.45,84.88,1.24,10.58,0.0
2020-01-05,15.8,22.85,10.47,72.12,2.3,17.31,0.0
2020-01-06,14.96,23.01,7.95,69.25,1.95,17.62,0.0
2020-01-07,16.3,24.36,8.3,73.93,1.31,12.56,0.01
2020-01-08,19.52,25.15,14.09,85.31,1.53,3.8,13.73
2020-01-09,17.98,23.81,11.76,78.73,2.44,14.12,0.15
2020-01-10,13.02,21.14,7.07,66.06,2.39,18.13,0.0
2020-01-11,13.0,21.51,5.15,66.37,1.79,18.66,0.0
2020-01-12,14.67,22.85,6.34,60.32,1.35,17.3,0.0
2020-01-13,17.08,25.08,9.36,52.13,0.81,17.73,0.0
2020-01-14,17.95,26.64,9.54,58.38,1.01,16.79,0.0
2020-01-15,18.31,26.64,10.75,67.95,1.66,15.9,0.0
2020-01-16,19.31,26.84,11.73,74.55,2.23,14.7,0.0
2020-01-17,19.93,25.8,15.02,75.45,1.38,9.89,0.0
2020-01-18,19.88,26.07,14.79,78.79,1.38,10.74,0.0
2020-01-19,18.82,25.27,13.63,75.2,2.03,10.19,0.0
2020-01-20,16.96,24.27,9.61,66.66,1.65,13.46,0.0
2020-01-21,19.26,27.25,11.66,74.04,1.43,14.43,0.0
2020-01-22,20.69,27.94,13.37,73.02,1.41,13.23,0.0
2020-01-23,20.78,27.31,15.11,74.6,1.5,14.22,0.01
2020-01-24,19.17,26.49,11.68,62.01,1.65,18.5,0.0
2020-01-25,20.08,27.86,11.84,57.59,1.23,18.02,0.0
2020-01-26,19.03,27.94,11.84,57.98,1.69,19.11,0.0
2020-01-27,19.98,29.36,10.81,58.97,1.55,17.84,0.01
2020-01-28,20.63,28.96,15.4,63.45,2.22,16.35,0.23
2020-01-29,20.12,27.38,15.05,65.48,1.66,15.08,0.0
2020-01-30,17.79,26.28,11.02,56.98,2.58,18.99,0.0
2020-01-31,17.29,26.08,8.73,55.11,1.69,19.3,0.0
2020-02-01,17.93,26.48,10.79,60.68,1.95,12.67,0.08
2020-02-02,17.89,26.52,10.02,62.12,2.17,16.35,0.07
2020-02-03,18.35,25.34,13.09,67.35,2.41,9.29,0.12
2020-02-04,19.49,26.84,15.03,79.08,2.12,8.24,1.98
2020-02-05,20.16,27.26,14.32,71.09,1.68,16.21,0.27
2020-02-06,19.99,27.23,13.7,74.34,2.02,11.05,1.56
2020-02-07,19.27,24.52,15.86,82.49,2.9,6.56,5.32
2020-02-08,17.45,23.17,12.57,79.17,2.87,15.07,0.08
2020-02-09,16.71,26.04,9.0,64.29,2.39,19.24,0.0
2020-02-10,18.06,26.9,10.01,61.45,1.52,19.1,0.0
2020-02-11,19.68,28.37,11.9,62.96,1.34,19.45,0.0
2020-02-12,20.54,28.96,12.44,56.71,1.52,20.09,0.0
2020-02-13,21.46,30.32,11.65,46.46,1.23,20.94,0.0
2020-02-14,22.19,31.99,13.19,49.63,1.66,20.7,0.0
2020-02-15,21.6,30.98,11.93,47.63,1.5,21.01,0.0
2020-02-16,21.18,31.28,11.65,45.01,1.67,21.83,0.0
2020-02-17,20.1,31.14,10.52,41.07,2.13,22.4,0.0
2020-02-18,20.57,31.32,9.62,40.4,1.65,21.91,0.0
2020-02-19,20.92,31.22,10.85,42.86,1.51,21.37,0.0
2020-02-20,22.14,32.14,11.98,56.18,1.94,20.03,0.0
2020-02-21,23.97,32.45,15.46,56.43,2.18,16.77,0.0
2020-02-22,24.72,32.52,18.27,53.65,1.64,18.25,0.02
2020-02-23,24.72,33.04,16.78,53.83,1.68,18.8,0.09
2020-02-24,24.12,32.01,17.58,53.22,1.48,16.64,2.17
2020-02-25,21.67,29.9,16.0,56.2,2.34,17.78,0.68
2020-02-26,21.56,30.92,12.98,46.33,1.71,21.92,0.0
2020-02-27,21.54,31.04,12.77,50.43,1.62,21.72,0.0
2020-02-28,22.31,32.1,13.38,52.06,1.96,21.64,0.0
2020-02-29,23.33,33.06,14.35,49.21,1.92,22.0,0.0
2020-03-01,24.2,34.27,14.84,48.76,1.88,21.37,0.0
2020-03-02,25.04,33.61,17.5,48.71,1.55,20.86,1.21
2020-03-03,25.49,34.67,17.45,42.99,1.92,20.77,0.06
2020-03-04,25.51,34.65,16.93,33.97,1.98,21.97,0.0
2020-03-05,25.22,33.68,16.6,36.85,1.29,21.32,0.05
2020-03-06,24.8,32.12,16.64,45.77,1.93,16.93,1.25
2020-03-07,25.49,33.5,17.65,48.18,1.48,22.28,0.04
2020-03-08,25.5,34.18,16.91,36.04,1.81,23.27,0.14
2020-03-09,25.2,33.59,16.8,43.34,2.69,19.85,0.96
2020-03-10,27.13,34.8,20.75,57.23,2.58,14.92,5.03
2020-03-11,26.51,33.56,20.52,61.14,1.99,19.44,1.72
2020-03-12,27.44,33.78,21.85,58.93,1.12,21.99,1.44
2020-03-13,27.79,34.52,20.92,59.62,2.03,15.64,4.67
2020-03-14,25.75,32.22,21.05,62.59,1.66,20.84,1.5
2020-03-15,24.55,33.1,16.69,48.37,1.76,21.57,0.0
2020-03-16,24.04,33.15,15.32,43.78,1.88,20.86,0.0
2020-03-17,26.31,35.54,17.22,51.02,1.44,22.51,7.67
2020-03-18,24.97,32.43,18.62,57.36,2.09,15.18,4.29
2020-03-19,26.64,34.68,18.53,59.01,1.74,21.42,2.86
2020-03-20,25.55,32.88,18.26,60.33,1.94,20.99,3.01
2020-03-21,26.02,34.61,18.04,59.32,1.71,23.14,0.12
2020-03-22,25.81,34.22,17.92,53.87,1.79,24.45,0.0
2020-03-23,26.72,35.2,18.21,48.59,1.43,23.31,0.0
2020-03-24,27.73,36.3,18.8,48.52,1.34,22.38,0.0
2020-03-25,28.4,37.02,20.61,49.92,1.81,21.43,5.17
2020-03-26,28.28,35.28,21.13,52.42,0.77,15.91,1.11
2020-03-27,29.5,37.89,21.34,49.14,1.82,20.65,0.03
2020-03-28,28.98,36.67,21.71,51.37,2.09,21.84,0.99
2020-03-29,29.2,36.51,22.08,52.27,1.13,20.6,7.67
2020-03-30,27.96,35.51,22.16,56.76,1.57,21.88,1.49
2020-03-31,29.66,37.79,21.37,51.97,1.46,23.05,0.83
2020-04-01,29.91,38.6,22.95,44.61,1.78,25.01,0.62
2020-04-02,30.33,38.98,20.68,34.68,1.74,25.79,0.0
2020-04-03,30.59,38.25,21.18,30.52,2.14,23.35,0.0
2020-04-04,30.99,38.8,22.02,38.86,2.25,20.82,1.54
2020-04-05,31.55,38.85,24.14,38.5,1.68,24.92,0.39
2020-04-06,31.43,39.38,23.05,34.18,1.82,23.95,0.01
2020-04-07,32.2,40.64,24.6,31.69,2.3,25.12,0.37
2020-04-08,31.23,40.33,22.88,22.73,1.84,26.71,0.0
2020-04-09,31.13,39.72,22.06,21.0,1.09,26.31,0.0
2020-04-10,31.94,39.96,23.79,21.27,1.36,23.17,0.0
2020-04-11,32.27,40.7,23.54,22.41,1.36,25.39,0.01
2020-04-12,33.42,41.61,24.76,20.93,1.06,24.92,0.01
2020-04-13,34.22,41.98,26.58,20.63,0.92,25.38,0.0
2020-04-14,34.16,42.17,25.47,20.69,1.32,23.12,0.03
2020-04-15,33.98,41.46,25.53,22.62,1.51,23.54,0.0
2020-04-16,34.55,42.48,26.09,23.42,1.86,24.91,0.23
2020-04-17,35.33,43.32,26.2,19.5,0.97,26.0,0.0
2020-04-18,35.75,43.23,27.29,20.42,0.83,24.62,0.0
2020-04-19,34.94,41.64,27.53,26.92,1.82,19.8,0.3
2020-04-20,34.69,41.78,27.19,24.0,1.68,23.22,0.0
2020-04-21,34.5,42.51,27.22,20.62,2.5,26.7,0.0
2020-04-22,33.35,40.56,25.22,22.88,2.02,24.21,0.0
2020-04-23,34.6,42.4,26.9,24.55,2.29,25.25,0.0
2020-04-24,35.04,42.21,27.56,23.26,1.64,26.41,0.0
2020-04-25,34.91,42.5,27.78,21.79,2.58,25.08,0.0
2020-04-26,34.1,42.02,25.91,21.31,1.78,27.53,0.0
2020-04-27,33.9,40.71,26.67,35.64,1.47,22.65,1.53
2020-04-28,33.4,40.26,26.54,35.18,1.94,24.32,2.21
2020-04-29,33.13,40.46,25.0,33.97,1.53,24.62,2.49
2020-04-30,33.94,40.87,26.24,32.17,1.32,21.82,0.29
2020-05-01,35.37,42.44,26.92,28.28,1.28,24.27,0.28
2020-05-02,36.17,43.75,27.88,22.94,1.03,25.86,0.51
2020-05-03,35.46,44.3,25.42,22.18,1.57,28.27,0.0
2020-05-04,35.96,44.85,26.85,19.01,2.19,27.87,0.0
2020-05-05,35.83,43.39,27.33,22.93,1.59,25.96,0.0
2020-05-06,35.56,41.82,29.36,30.48,2.24,24.92,1.11
2020-05-07,32.35,38.45,26.42,47.79,2.18,26.8,10.31
2020-05-08,33.59,41.35,25.75,43.19,2.66,24.63,0.86
2020-05-09,34.64,42.63,26.72,38.06,2.58,25.04,0.0
2020-05-10,34.33,41.78,27.18,39.4,3.02,22.27,1.31
2020-05-11,33.85,41.43,26.64,37.88,1.35,27.01,1.54
2020-05-12,34.0,41.18,25.99,31.91,1.74,24.33,0.06
2020-05-13,34.55,41.29,27.66,37.23,2.31,23.79,2.47
2020-05-14,34.61,40.97,27.25,41.73,1.12,25.26,3.28
2020-05-15,35.11,41.66,27.76,39.61,1.21,24.95,13.42
2020-05-16,34.34,40.89,27.68,44.54,1.41,24.87,7.44
2020-05-17,33.26,40.05,26.65,50.81,1.13,25.24,3.33
2020-05-18,34.4,41.32,28.27,45.55,0.93,25.11,0.01
2020-05-19,33.26,40.73,27.05,38.64,2.61,22.61,0.06
2020-05-20,32.74,42.94,22.96,30.58,2.93,26.79,0.0
2020-05-21,33.23,43.18,22.22,23.03,2.6,28.94,0.0
2020-05-22,35.5,44.99,24.78,21.97,2.12,28.6,0.0
2020-05-23,36.75,46.1,27.75,21.62,2.85,28.73,0.0
2020-05-24,37.74,46.23,27.73,21.74,1.54,28.28,0.0
2020-05-25,38.02,46.18,29.78,19.94,1.61,27.7,0.0
2020-05-26,38.21,46.67,29.39,20.13,1.83,29.04,0.0
2020-05-27,37.89,46.12,29.31,18.4,2.41,29.49,0.0
2020-05-28,37.86,45.78,29.64,21.39,3.17,28.74,0.0
2020-05-29,37.62,44.54,30.45,24.91,2.69,25.82,0.0
2020-05-30,36.22,42.25,31.17,30.1,2.4,22.33,1.48
2020-05-31,35.01,41.03,28.81,36.58,2.42,24.02,1.4
2020-06-01,30.86,35.66,27.05,59.73,2.85,14.34,12.9
2020-06-02,29.37,34.59,25.57,64.04,1.67,12.77,8.86
2020-06-03,27.59,31.49,24.58,73.67,1.82,15.53,15.85
2020-06-04,28.72,34.29,24.35,67.03,6.38,10.15,7.75
2020-06-05,29.03,36.45,21.7,61.85,3.0,25.14,3.82
2020-06-06,30.33,36.85,24.43,57.24,2.21,20.9,1.67
2020-06-07,31.02,37.56,24.41,56.99,2.53,21.42,0.9
2020-06-08,31.47,37.24,25.78,57.89,2.62,20.48,0.4
2020-06-09,32.61,39.25,25.85,53.81,1.99,20.59,1.76
2020-06-10,32.69,38.44,26.44,57.51,2.34,23.72,5.43
2020-06-11,32.38,38.34,26.99,61.03,2.79,21.02,3.75
2020-06-12,30.1,33.92,27.03,72.11,1.16,17.37,18.87
2020-06-13,29.21,33.75,25.79,75.3,1.95,11.33,12.78
2020-06-14,29.21,33.53,25.39,74.84,1.21,14.31,12.04
2020-06-15,27.96,31.07,25.75,82.43,1.71,12.78,18.95
2020-06-16,28.06,32.01,25.4,80.41,2.19,15.97,13.78
2020-06-17,28.72,33.63,24.36,74.77,2.61,14.18,4.78
2020-06-18,28.84,33.76,24.38,74.21,3.18,18.05,4.0
2020-06-19,29.65,35.95,24.85,71.13,2.71,17.86,0.84
2020-06-20,29.34,35.48,25.42,67.67,3.51,14.23,0.33
2020-06-21,28.46,34.61,24.49,72.01,4.26,18.13,2.51
2020-06-22,29.01,33.14,25.61,73.73,3.66,11.2,7.3
2020-06-23,27.53,30.78,24.89,82.13,2.73,6.28,16.77
2020-06-24,29.45,34.92,24.1,72.69,2.07,19.12,0.86
2020-06-25,29.92,35.1,24.95,72.76,2.64,21.65,1.83
2020-06-26,29.59,35.35,25.46,73.31,2.26,19.33,4.14
2020-06-27,28.87,32.92,25.29,76.57,1.4,17.12,3.17
2020-06-28,28.51,32.9,25.15,78.22,1.48,17.28,4.13
2020-06-29,28.52,32.63,25.27,79.36,1.28,17.03,1.65
2020-06-30,28.91,33.1,25.03,75.11,1.09,16.34,20.66
2020-07-01,29.17,34.03,24.57,75.6,1.11,20.18,6.05
2020-07-02,29.82,33.86,25.93,77.55,1.86,17.27,19.46
2020-07-03,28.27,30.98,25.98,85.03,1.63,14.11,11.43
2020-07-04,27.8,31.03,25.52,85.57,1.8,12.27,15.03
2020-07-05,27.54,30.75,24.89,84.38,1.63,9.69,9.43
2020-07-06,26.67,29.4,24.8,86.21,3.26,10.55,24.64
2020-07-07,27.71,32.16,24.2,81.06,2.84,18.28,0.85
2020-07-08,28.76,33.54,24.64,76.26,2.55,23.14,0.04
2020-07-09,28.07,31.45,24.88,81.48,2.2,11.93,5.2
2020-07-10,27.76,31.56,24.8,82.47,1.97,15.54,12.73
2020-07-11,27.6,31.41,24.69,82.33,2.55,18.41,5.44
2020-07-12,27.63,31.31,24.46,82.93,2.01,16.15,15.33
2020-07-13,27.31,30.88,24.26,82.89,1.79,18.17,3.62
2020-07-14,26.93,29.63,24.5,87.2,1.71,10.93,22.48
2020-07-15,27.68,31.85,24.68,83.6,1.04,13.88,29.73
2020-07-16,27.92,32.31,23.92,81.23,1.09,16.99,6.64
2020-07-17,27.73,31.94,24.63,81.86,2.09,14.16,1.08
2020-07-18,28.4,32.69,23.96,79.55,1.82,20.45,0.03
2020-07-19,28.05,31.77,25.12,84.67,2.04,12.51,16.83
2020-07-20,26.67,30.06,24.77,89.41,2.62,8.41,12.38
2020-07-21,26.56,28.7,24.42,88.85,0.92,13.29,18.53
2020-07-22,27.5,31.55,24.11,85.29,1.64,14.6,5.17
2020-07-23,26.51,29.75,24.34,90.84,2.03,11.28,38.7
2020-07-24,27.17,30.82,23.51,82.48,1.28,14.23,2.51
2020-07-25,26.51,29.36,23.84,85.17,1.64,16.94,1.33
2020-07-26,27.56,31.83,23.77,81.88,1.29,18.74,0.06
2020-07-27,28.51,32.63,24.5,79.06,1.12,23.35,0.0
2020-07-28,27.92,30.85,25.4,84.8,1.28,13.84,8.85
2020-07-29,28.37,32.46,24.87,79.25,0.73,17.86,8.66
2020-07-30,28.07,32.33,24.45,82.4,1.88,17.33,1.45
2020-07-31,27.81,30.9,24.47,84.47,1.58,19.58,2.84
2020-08-01,28.53,32.3,25.25,82.05,0.96,17.74,10.23
2020-08-02,28.22,31.67,25.27,87.05,1.06,17.29,48.54
2020-08-03,26.56,29.05,24.59,87.1,1.59,11.78,23.69
2020-08-04,26.9,30.83,24.12,87.16,2.35,10.11,11.82
2020-08-05,26.81,30.88,23.85,86.41,2.1,12.26,22.03
2020-08-06,26.6,30.73,23.96,86.57,3.6,9.5,9.2
2020-08-07,27.43,31.45,23.94,83.67,2.25,13.81,1.67
2020-08-08,27.01,30.51,25.03,87.91,2.63,11.64,7.41
2020-08-09,27.25,31.26,24.32,87.4,2.9,5.05,21.77
2020-08-10,26.85,30.41,24.68,90.84,3.37,7.52,24.08
2020-08-11,26.87,30.34,24.76,89.3,2.98,10.67,5.02
2020-08-12,26.24,28.32,24.71,91.7,2.89,9.42,17.52
2020-08-13,25.85,27.99,24.15,92.58,4.4,7.95,19.92
2020-08-14,26.66,30.0,24.03,90.09,4.11,7.95,8.34
2020-08-15,25.75,27.73,24.05,91.69,3.08,9.09,5.67
2020-08-16,25.68,27.76,24.03,91.3,3.65,6.82,4.82
2020-08-17,25.88,28.81,23.97,91.63,3.09,7.94,8.72
2020-08-18,25.84,28.35,23.75,90.6,3.35,4.84,7.61
2020-08-19,26.72,30.29,24.19,89.49,3.25,11.67,6.99
2020-08-20,26.72,29.72,24.63,91.47,3.41,15.17,16.29
2020-08-21,25.81,27.79,24.59,93.42,4.19,6.54,36.81
2020-08-22,26.1,29.34,23.61,91.04,4.22,11.79,15.13
2020-08-23,26.96,30.46,24.29,88.25,3.03,17.45,4.33
2020-08-24,26.94,30.47,23.8,87.25,2.21,21.06,1.05
2020-08-25,26.95,30.57,24.12,86.8,2.2,21.12,0.07
2020-08-26,25.6,28.09,24.04,90.02,2.31,11.37,0.87
2020-08-27,25.19,27.37,23.9,91.81,3.89,6.63,22.17
2020-08-28,24.81,26.63,23.17,94.18,4.28,2.81,55.83
2020-08-29,25.4,28.47,23.44,90.78,3.37,6.63,22.38
2020-08-30,26.12,29.73,23.39,88.54,2.5,18.71,1.42
2020-08-31,26.8,30.61,22.69,84.97,1.58,21.62,0.14
2020-09-01,27.22,31.09,23.6,84.16,1.47,20.3,0.0
2020-09-02,26.22,28.86,23.97,85.81,1.49,12.31,0.16
2020-09-03,27.41,31.25,22.97,78.59,0.58,17.99,0.09
2020-09-04,28.15,32.0,23.45,76.26,0.57,20.95,3.62
2020-09-05,27.61,31.33,23.63,83.76,0.88,17.88,10.6
2020-09-06,27.45,30.7,24.63,85.34,1.16,20.83,8.25
2020-09-07,27.21,30.53,23.93,84.94,1.03,17.08,5.2
2020-09-08,27.13,31.04,23.87,85.28,1.07,19.25,2.68
2020-09-09,27.93,31.17,24.26,80.05,0.81,15.98,3.51
2020-09-10,27.51,30.74,24.55,87.67,1.11,16.68,37.04
2020-09-11,27.85,31.67,24.95,87.48,0.75,16.49,8.3
2020-09-12,27.04,30.14,24.47,83.92,0.79,16.79,5.14
2020-09-13,26.62,30.41,23.47,87.23,1.3,15.89,0.42
2020-09-14,27.66,31.13,23.47,81.62,1.36,19.09,4.58
2020-09-15,27.59,30.74,24.38,85.05,1.25,18.49,0.84
2020-09-16,27.77,31.06,24.2,82.74,0.76,17.89,1.08
2020-09-17,28.48,32.1,24.73,78.23,0.38,18.48,1.22
2020-09-18,28.49,31.94,25.05,82.79,1.11,15.69,4.21
2020-09-19,28.1,32.13,24.87,84.34,0.96,16.54,5.59
2020-09-20,26.6,29.63,24.07,89.72,0.78,14.76,11.42
2020-09-21,25.76,27.98,24.23,91.31,1.43,9.42,20.71
2020-09-22,26.65,30.49,23.53,88.36,1.13,8.8,14.84
2020-09-23,26.75,30.23,24.2,89.99,2.74,11.53,8.96
2020-09-24,26.21,29.48,24.15,90.35,1.85,13.12,3.28
2020-09-25,27.24,30.55,24.02,85.62,1.46,14.68,0.17
2020-09-26,27.24,31.33,23.15,79.3,0.94,15.06,0.92
2020-09-27,26.45,30.34,23.22,86.1,1.31,15.57,2.43
2020-09-28,26.21,30.05,23.21,87.16,1.75,18.82,6.4
2020-09-29,26.26,30.08,22.46,87.11,1.56,15.32,8.76
2020-09-30,26.34,30.2,23.25,84.29,1.5,19.22,1.42
2020-10-01,25.95,30.22,22.7,84.59,1.63,19.27,0.0
2020-10-02,25.37,31.25,20.35,78.83,1.52,22.34,0.06
2020-10-03,25.17,30.66,20.23,79.67,1.54,21.48,0.0
2020-10-04,24.83,30.39,20.37,79.65,1.85,20.27,0.06
2020-10-05,24.13,30.28,19.25,79.3,2.22,16.92,1.63
2020-10-06,22.12,27.29,19.48,81.78,2.41,13.92,0.62
2020-10-07,21.49,24.98,18.21,90.35,2.27,11.41,13.75
2020-10-08,25.31,29.76,20.46,86.31,1.47,12.23,4.4
2020-10-09,26.45,29.91,23.27,89.03,1.21,13.82,13.8
2020-10-10,26.37,29.08,23.76,88.03,0.95,13.49,1.73
2020-10-11,26.24,29.51,23.47,88.37,1.12,11.21,5.23
2020-10-12,26.38,30.48,22.73,85.95,1.36,17.91,1.1
2020-10-13,26.22,30.37,22.87,86.55,2.46,13.66,1.78
2020-10-14,25.52,28.03,23.71,92.96,3.06,13.74,3.48
2020-10-15,25.41,28.1,23.43,92.34,2.16,12.27,2.27
2020-10-16,25.95,29.33,22.91,89.59,1.15,14.9,7.76
2020-10-17,26.06,29.66,23.23,89.19,1.94,17.3,1.89
2020-10-18,26.68,31.05,22.27,83.9,1.32,18.91,0.02
2020-10-19,26.57,30.61,22.87,84.89,1.33,18.77,0.0
2020-10-20,26.09,30.53,22.2,82.74,1.37,15.46,0.02
2020-10-21,25.34,30.28,20.54,81.88,1.47,17.74,0.01
2020-10-22,24.66,30.3,20.42,76.79,1.63,19.09,0.0
2020-10-23,24.28,30.77,17.98,72.77,1.35,17.61,0.0
2020-10-24,25.01,30.51,20.25,75.13,0.72,16.87,0.0
2020-10-25,24.69,29.83,20.09,72.77,0.95,19.12,0.0
2020-10-26,24.9,29.46,19.62,69.1,0.63,17.77,0.24
2020-10-27,24.57,29.09,20.16,67.85,0.55,18.59,0.01
2020-10-28,23.85,28.78,18.77,68.92,0.52,18.42,0.0
2020-10-29,23.47,28.57,18.31,72.93,0.94,17.92,0.0
2020-10-30,22.06,28.12,17.1,75.63,1.56,17.46,0.0
2020-10-31,20.81,27.27,15.46,72.89,1.69,17.59,0.0
2020-11-01,20.52,27.3,15.46,76.71,1.77,17.84,0.0
2020-11-02,20.25,27.31,14.82,73.9,1.94,17.33,0.0
2020-11-03,20.06,27.54,14.6,69.94,1.81,18.21,0.0
2020-11-04,20.25,27.56,12.96,59.28,1.4,19.66,0.0
2020-11-05,19.77,27.2,12.8,59.28,1.24,19.32,0.0
2020-11-06,19.05,27.08,12.3,70.23,1.58,18.77,0.0
2020-11-07,18.73,26.35,12.26,69.01,1.69,18.27,0.0
2020-11-08,18.38,26.11,12.08,70.61,1.55,17.26,0.0
2020-11-09,17.72,25.46,11.31,69.68,1.54,17.15,0.0
2020-11-10,17.49,25.04,10.47,71.17,1.41,17.23,0.0
2020-11-11,19.67,26.57,11.94,81.87,1.36,18.66,0.0
2020-11-12,23.03,28.3,18.92,85.86,1.84,14.58,0.0
2020-11-13,23.02,28.57,18.91,82.55,1.49,16.87,0.0
2020-11-14,22.14,28.77,16.9,82.49,1.62,18.22,0.0
2020-11-15,21.83,28.55,16.19,82.86,1.72,18.43,0.0
2020-11-16,23.56,29.47,17.5,81.01,1.24,18.28,0.0
2020-11-17,23.73,29.2,18.83,80.09,1.02,17.33,0.0
2020-11-18,23.65,29.14,18.99,81.56,1.26,17.19,0.0
2020-11-19,23.9,29.08,18.45,79.9,1.14,14.63,0.64
2020-11-20,23.95,28.38,19.83,83.4,0.89,10.04,6.53
2020-11-21,21.15,26.66,16.11,79.66,2.0,14.64,0.08
2020-11-22,17.88,25.47,12.08,65.59,1.79,17.31,0.0
2020-11-23,17.96,25.86,10.68,68.16,1.36,17.93,0.0
2020-11-24,17.9,26.34,10.6,69.84,1.53,17.5,0.0
2020-11-25,18.32,25.91,11.09,72.66,1.75,17.58,0.0
2020-11-26,19.65,26.22,15.14,81.56,2.28,12.94,1.18
2020-11-27,20.43,26.72,15.91,79.8,2.44,8.08,0.02
2020-11-28,20.14,27.65,15.07,76.74,2.28,17.38,0.0
2020-11-29,20.5,27.87,13.94,74.47,1.5,17.62,0.0
2020-11-30,20.69,28.25,15.01,77.16,1.54,16.52,0.0
2020-12-01,20.05,27.62,13.51,73.37,1.43,17.11,0.0
2020-12-02,20.23,27.75,12.65,63.96,1.2,17.2,0.0
2020-12-03,19.55,27.61,11.54,63.05,1.14,17.78,0.0
2020-12-04,19.66,27.88,11.94,63.87,1.05,17.98,0.0
2020-12-05,19.32,27.99,11.58,63.74,1.34,17.66,0.0
2020-12-06,19.2,28.43,11.4,67.98,1.35,15.9,0.0
2020-12-07,20.01,29.07,11.83,65.98,1.21,16.85,0.0
2020-12-08,20.02,28.52,11.97,64.53,1.1,17.17,0.0
2020-12-09,20.55,28.61,12.47,59.32,1.0,16.47,0.0
2020-12-10,20.09,28.48,13.37,65.84,1.24,16.58,0.0
2020-12-11,20.74,28.41,13.51,67.01,1.11,15.46,0.0
2020-12-12,20.53,27.62,15.08,70.26,1.46,8.19,0.02
2020-12-13,20.56,26.95,15.37,71.84,1.28,6.85,0.11
2020-12-14,21.07,27.67,16.36,72.84,1.69,7.27,0.28
2020-12-15,21.23,27.73,15.54,76.24,1.45,8.14,0.04
2020-12-16,21.85,28.54,15.99,74.09,1.06,10.23,0.0
2020-12-17,20.78,27.46,15.22,73.9,1.52,11.04,0.0
2020-12-18,19.12,26.56,13.25,69.13,1.66,14.92,0.0
2020-12-19,16.92,26.07,10.53,55.73,1.93,17.59,0.0
2020-12-20,16.24,26.55,8.02,52.07,1.84,18.02,0.0
2020-12-21,16.34,25.57,8.01,50.21,1.52,17.82,0.0
2020-12-22,16.78,26.48,7.86,52.93,1.42,17.96,0.0
2020-12-23,16.93,26.4,8.31,55.47,1.32,17.78,0.0
2020-12-24,17.27,26.75,8.48,58.69,1.25,17.49,0.0
2020-12-25,17.32,27.26,9.22,56.31,1.64,16.28,0.0
2020-12-26,17.83,27.55,8.96,54.71,1.27,16.73,0.0
2020-12-27,18.08,27.9,9.32,58.35,1.13,16.23,0.0
2020-12-28,19.11,27.74,11.33,58.12,0.85,15.09,0.0
2020-12-29,19.21,27.69,11.97,63.1,1.21,13.67,0.0
2020-12-30,18.32,27.09,11.62,68.71,1.72,12.37,0.0
2020-12-31,18.08,26.65,11.76,70.51,1.63,12.08,0.0
2021-01-01,17.99,26.41,11.64,71.38,1.77,12.16,0.14
2021-01-02,18.95,26.32,12.98,72.08,1.58,13.42,0.0
2021-01-03,20.33,28.46,14.15,69.27,1.42,14.78,0.0
2021-01-04,19.8,28.06,13.88,67.46,1.87,10.49,0.0
2021-01-05,20.46,28.94,13.6,65.21,1.67,10.84,0.14
2021-01-06,22.68,30.14,16.18,61.03,0.94,13.54,0.03
2021-01-07,23.29,30.37,16.86,62.35,1.32,13.99,0.0
2021-01-08,23.21,29.49,18.09,67.67,1.77,8.48,0.0
2021-01-09,23.66,30.78,17.3,63.99,1.39,11.17,0.0
2021-01-10,23.89,31.14,16.63,57.43,0.89,12.65,0.0
2021-01-11,23.71,31.63,16.69,60.66,1.54,15.51,0.0
2021-01-12,22.69,30.99,16.18,62.67,1.51,14.87,0.0
2021-01-13,20.89,29.97,13.83,50.3,1.61,17.84,0.0
2021-01-14,19.23,29.56,11.27,44.43,1.85,18.3,0.0
2021-01-15,19.24,29.75,9.75,42.14,1.36,18.79,0.0
2021-01-16,19.9,30.19,10.64,37.78,1.5,18.0,0.0
2021-01-17,19.56,30.82,11.14,42.47,1.93,16.65,0.0
2021-01-18,19.84,29.91,11.28,45.54,1.57,15.9,0.0
2021-01-19,21.28,30.34,13.18,49.38,1.21,14.81,0.0
2021-01-20,23.34,30.67,16.8,51.25,1.08,14.27,0.0
2021-01-21,21.52,30.92,13.73,35.36,1.71,18.51,0.0
2021-01-22,19.75,30.03,10.7,38.24,1.59,19.59,0.0
2021-01-23,20.26,30.54,9.76,35.85,1.16,18.88,0.0
2021-01-24,22.1,31.39,13.35,38.64,1.08,17.18,0.0
2021-01-25,22.07,31.28,13.41,39.69,1.39,17.51,0.0
2021-01-26,21.35,30.98,12.34,37.12,1.6,15.75,0.0
2021-01-27,20.67,29.49,12.57,42.11,1.86,12.9,0.0
2021-01-28,22.29,30.26,14.57,53.47,1.69,9.6,0.98
2021-01-29,21.83,28.87,16.73,60.07,1.57,9.77,1.94
2021-01-30,19.25,29.24,12.01,30.04,2.25,18.7,0.0
2021-01-31,18.0,28.94,8.64,24.34,1.8,20.07,0.0
2021-02-01,18.2,29.14,8.46,29.11,1.84,20.57,0.0
2021-02-02,19.63,30.6,9.34,29.06,1.45,20.95,0.0
2021-02-03,20.55,31.4,10.84,29.66,1.33,20.93,0.0
2021-02-04,20.78,31.56,11.24,28.29,1.57,19.89,0.0
2021-02-05,21.65,31.43,12.26,29.93,1.24,19.04,0.0
2021-02-06,21.58,30.48,14.71,33.43,2.01,17.74,0.0
2021-02-07,19.96,29.52,11.86,28.77,2.19,21.1,0.0
2021-02-08,20.29,30.46,9.79,21.45,1.65,21.67,0.0
2021-02-09,21.83,31.72,10.33,21.3,0.99,21.49,0.0
2021-02-10,23.22,32.92,12.14,20.47,0.94,21.17,0.0
2021-02-11,23.06,32.84,13.71,22.0,1.23,20.07,0.0
2021-02-12,22.78,32.39,13.17,33.14,1.29,18.58,0.0
2021-02-13,24.52,33.19,15.74,37.31,1.04,19.18,0.0
2021-02-14,25.65,32.97,18.41,36.3,0.77,17.2,0.0
2021-02-15,26.04,33.35,19.02,34.63,1.19,16.37,0.02
2021-02-16,26.04,33.83,18.32,34.15,1.64,15.36,0.07
2021-02-17,24.48,31.35,19.13,44.59,2.11,8.49,2.39
2021-02-18,22.43,28.97,18.2,58.82,1.68,14.13,3.93
2021-02-19,21.53,27.97,15.29,61.66,1.51,15.2,0.35
2021-02-20,22.64,31.04,15.55,54.96,2.1,19.15,0.08
2021-02-21,23.18,32.09,15.51,44.98,1.67,20.55,0.01
2021-02-22,23.86,33.18,14.58,33.22,1.4,22.17,0.0
2021-02-23,25.35,34.54,14.61,26.44,1.24,22.8,0.0
2021-02-24,26.1,35.28,15.33,21.67,1.12,22.98,0.0
2021-02-25,27.44,36.46,19.91,19.84,1.02,22.28,0.0
2021-02-26,26.81,37.12,18.16,25.12,2.22,23.04,0.0
2021-02-27,27.91,37.4,17.51,20.04,1.47,23.46,0.0
2021-02-28,28.87,37.24,20.17,22.7,1.03,20.8,0.0
2021-03-01,29.06,38.29,19.59,23.67,1.5,23.36,0.0
2021-03-02,27.74,37.38,19.04,17.9,2.11,24.07,0.0
2021-03-03,26.5,36.46,16.21,15.23,1.9,24.72,0.0
2021-03-04,26.94,37.23,15.87,15.16,1.27,24.78,0.0
2021-03-05,27.67,37.71,19.19,14.72,2.21,24.34,0.0
2021-03-06,27.98,38.13,17.74,13.42,1.79,24.54,0.0
2021-03-07,27.93,37.81,16.9,13.32,1.4,23.31,0.0
2021-03-08,28.47,37.59,18.66,18.06,1.24,22.08,0.0
2021-03-09,29.42,37.9,21.84,21.41,1.26,21.03,0.0
2021-03-10,29.57,37.71,22.42,27.46,1.4,20.36,0.0
2021-03-11,29.91,38.34,23.15,25.71,1.69,18.9,0.0
2021-03-12,29.49,38.35,20.89,26.15,1.88,19.81,0.03
2021-03-13,28.56,36.38,20.1,30.24,1.53,20.12,1.24
2021-03-14,28.65,36.84,20.08,32.0,1.27,20.34,0.0
2021-03-15,29.54,37.57,21.12,28.45,1.3,21.66,0.0
2021-03-16,29.97,37.87,21.31,26.57,1.07,19.9,0.0
2021-03-17,30.49,38.04,22.11,25.33,1.28,19.08,0.0
2021-03-18,30.72,38.66,23.37,27.64,1.59,10.29,1.3
2021-03-19,29.51,36.45,22.01,34.9,1.32,10.0,5.78
2021-03-20,28.91,35.99,22.93,45.91,1.19,20.01,4.16
2021-03-21,29.19,36.47,22.27,41.95,1.51,22.3,2.63
2021-03-22,28.76,35.91,23.65,42.8,1.09,14.99,0.53
2021-03-23,29.58,37.38,22.24,40.31,1.31,6.73,0.93
2021-03-24,29.58,37.32,22.03,38.12,1.46,21.85,1.79
2021-03-25,30.47,38.17,22.49,30.87,1.35,24.09,0.0
2021-03-26,29.17,38.27,20.63,23.44,2.46,25.7,0.0
2021-03-27,29.72,39.01,19.02,17.96,1.55,26.69,0.0
2021-03-28,30.9,40.27,20.36,19.32,1.24,25.6,0.0
2021-03-29,32.0,41.47,23.81,17.77,1.18,25.34,0.0
2021-03-30,31.91,42.46,22.18,15.48,2.85,26.58,0.0
2021-03-31,31.75,42.08,22.17,14.69,3.12,25.15,0.0
2021-04-01,31.85,41.53,24.05,15.89,3.14,25.83,0.0
2021-04-02,31.4,40.56,21.26,9.94,1.62,26.34,0.0
2021-04-03,31.95,40.92,21.07,12.09,1.15,24.31,0.0
2021-04-04,31.13,39.87,21.32,14.17,1.38,23.71,0.0
2021-04-05,32.2,41.15,21.84,12.93,1.82,26.28,0.0
2021-04-06,32.69,41.85,22.81,15.28,1.49,24.53,0.0
2021-04-07,33.41,42.52,24.08,20.48,1.63,23.62,0.0
2021-04-08,34.22,42.55,25.15,17.49,1.18,23.63,0.0
2021-04-09,33.75,41.09,26.5,22.45,1.99,16.05,0.0
2021-04-10,33.22,40.74,25.88,29.63,2.21,22.69,0.83
2021-04-11,33.05,39.75,26.28,32.31,1.8,15.05,0.9
2021-04-12,33.57,40.37,25.71,24.63,1.28,21.06,0.16
2021-04-13,33.29,41.11,24.89,16.84,1.06,24.95,0.0
2021-04-14,32.44,39.41,26.19,16.65,1.31,22.35,0.05
2021-04-15,31.31,39.46,22.71,32.79,1.34,11.72,0.45
2021-04-16,32.41,40.42,24.62,25.57,1.18,25.07,0.0
2021-04-17,33.21,41.15,24.89,22.84,1.51,22.79,0.0
2021-04-18,34.05,42.24,25.21,19.69,1.6,22.26,0.0
2021-04-19,34.11,41.54,25.24,18.05,1.15,23.58,0.0
2021-04-20,34.71,41.9,26.54,21.94,1.89,21.87,0.0
2021-04-21,33.48,40.02,27.21,26.5,2.34,17.92,0.03
2021-04-22,33.1,40.29,26.22,24.45,0.62,22.77,0.0
2021-04-23,32.95,40.32,25.16,21.39,1.59,22.35,0.0
2021-04-24,32.52,39.33,25.53,25.3,1.42,24.82,0.0
2021-04-25,34.3,41.84,25.74,18.71,0.71,26.62,0.0
2021-04-26,33.33,40.4,25.75,17.03,1.42,26.27,0.23
2021-04-27,34.26,42.32,26.1,17.65,1.3,26.52,0.16
2021-04-28,34.82,42.57,27.42,15.04,0.97,25.62,0.01
2021-04-29,34.87,43.34,25.18,18.03,1.14,22.08,0.0
2021-04-30,35.11,42.93,27.38,18.49,1.71,23.81,0.0
2021-05-01,34.75,42.67,26.77,24.87,2.62,22.03,0.0
2021-05-02,31.79,37.97,27.05,33.99,1.38,15.22,4.6
2021-05-03,32.86,39.74,25.8,32.69,0.91,22.07,1.82
2021-05-04,33.97,40.72,27.42,29.97,1.43,25.97,0.02
2021-05-05,34.83,42.07,27.46,29.14,2.15,24.14,0.01
2021-05-06,34.74,41.25,29.16,32.59,3.47,24.83,0.91
2021-05-07,34.03,41.09,27.31,39.51,3.35,19.34,0.62
2021-05-08,33.3,40.66,26.5,44.01,2.2,22.5,7.15
2021-05-09,33.21,39.71,26.72,48.21,2.24,23.02,1.68
2021-05-10,33.71,40.45,27.46,44.99,2.43,23.52,1.14
2021-05-11,34.23,41.33,26.48,43.62,1.6,24.51,0.12
2021-05-12,35.3,43.0,28.6,33.07,1.98,26.36,0.0
2021-05-13,34.79,42.11,28.35,25.31,2.07,24.98,0.0
2021-05-14,35.25,42.03,26.97,30.67,2.34,24.27,0.0
2021-05-15,35.01,40.02,30.17,37.42,3.66,21.94,0.01
2021-05-16,33.56,39.32,28.91,48.61,4.32,24.77,0.04
2021-05-17,31.65,35.39,27.53,57.04,3.74,21.58,3.35
2021-05-18,31.69,35.12,28.83,59.53,3.61,19.68,7.84
2021-05-19,30.24,34.41,27.16,65.65,3.44,17.24,8.72
2021-05-20,30.5,34.45,26.31,63.75,2.36,21.57,0.31
2021-05-21,31.74,38.84,26.08,48.41,2.14,27.13,0.0
2021-05-22,32.34,40.09,24.12,42.66,1.97,23.23,0.04
2021-05-23,33.12,39.87,26.77,41.7,1.54,20.41,0.07
2021-05-24,33.65,41.07,26.6,37.23,2.65,22.87,0.03
2021-05-25,33.22,41.74,24.65,29.78,4.39,19.4,0.0
2021-05-26,34.54,43.3,24.91,27.87,4.18,24.4,0.01
2021-05-27,35.13,42.76,28.61,32.4,3.38,24.19,0.01
2021-05-28,35.39,43.06,27.79,35.36,2.6,23.69,0.02
2021-05-29,37.04,43.76,30.28,31.89,1.57,20.22,0.55
2021-05-30,36.77,43.53,30.55,34.34,2.54,23.61,1.17
2021-05-31,36.3,42.86,29.81,36.83,2.57,15.35,1.02
2021-06-01,36.53,42.5,30.0,37.14,1.8,14.3,3.01
2021-06-02,34.24,38.77,29.76,46.29,2.01,17.94,0.81
2021-06-03,32.77,38.04,28.53,47.95,2.67,20.16,1.2
2021-06-04,32.01,37.15,27.17,52.65,1.39,15.74,5.22
2021-06-05,30.61,34.73,26.99,60.08,2.28,20.52,3.99
2021-06-06,32.04,38.01,26.5,56.6,2.46,24.63,0.26
2021-06-07,33.31,39.37,26.92,50.82,2.77,21.1,0.48
2021-06-08,32.06,37.5,27.87,58.37,3.17,15.95,4.12
2021-06-09,29.81,34.06,26.68,72.08,2.16,14.9,14.59
2021-06-10,29.2,34.06,26.26,74.91,3.72,7.41,5.15
2021-06-11,27.91,31.18,25.62,85.42,3.62,10.12,48.92
2021-06-12,28.23,31.51,25.09,82.14,3.88,13.33,9.03
2021-06-13,29.9,34.88,26.08,75.09,3.26,21.21,4.97
2021-06-14,28.92,32.53,26.05,78.02,3.73,20.11,10.32
2021-06-15,27.72,31.63,25.35,81.8,3.62,18.51,7.43
2021-06-16,28.01,32.28,24.81,78.06,3.13,18.2,2.81
2021-06-17,27.78,31.99,24.71,79.75,2.88,21.26,11.96
2021-06-18,26.44,29.73,24.02,83.73,2.59,15.76,11.51
2021-06-19,27.48,31.45,24.45,77.43,3.74,12.54,2.23
2021-06-20,28.34,33.57,23.49,72.36,3.5,22.48,1.56
2021-06-21,29.04,34.93,23.59,67.94,3.16,22.83,0.0
2021-06-22,29.4,34.31,24.68,72.72,2.6,16.39,2.86
2021-06-23,27.62,30.6,25.48,82.85,2.99,13.92,9.95
2021-06-24,26.99,30.08,24.92,83.92,3.79,7.95,13.39
2021-06-25,27.63,31.83,23.93,77.84,3.3,12.77,5.23
2021-06-26,28.15,32.85,24.24,77.27,2.23,18.92,0.79
2021-06-27,28.62,32.78,23.9,76.2,1.86,18.93,7.99
2021-06-28,28.69,32.07,25.58,79.21,0.97,17.48,16.38
2021-06-29,28.49,32.13,25.09,81.28,1.9,20.48,4.21
2021-06-30,28.44,32.03,25.28,82.59,2.37,18.14,5.4
2021-07-01,28.01,32.16,25.23,82.19,3.07,15.86,18.95
2021-07-02,27.58,31.63,24.27,79.97,3.15,15.46,5.64
2021-07-03,29.03,34.17,23.98,72.64,1.99,22.04,0.08
2021-07-04,28.15,32.41,24.43,70.59,1.85,20.84,0.0
2021-07-05,29.02,33.82,23.79,72.22,1.32,17.99,0.44
2021-07-06,29.56,33.24,25.43,73.89,1.13,19.13,5.54
2021-07-07,29.74,34.38,24.79,73.95,1.38,19.48,10.34
2021-07-08,27.63,31.21,25.44,87.26,2.13,4.17,64.08
2021-07-09,28.28,32.48,24.38,78.77,1.25,16.04,5.09
2021-07-10,28.4,32.27,24.58,81.07,1.21,12.94,21.8
2021-07-11,28.53,32.17,25.28,81.73,1.4,19.86,2.89
2021-07-12,28.48,32.55,25.42,81.49,2.75,19.86,4.14
2021-07-13,28.0,31.75,25.03,81.7,2.46,18.34,13.36
2021-07-14,28.2,32.62,24.69,82.9,2.1,15.23,6.2
2021-07-15,28.37,32.66,24.77,81.58,3.35,18.51,2.15
2021-07-16,28.4,32.72,24.88,80.9,2.55,19.58,1.15
2021-07-17,28.97,33.69,24.46,78.19,1.8,21.18,0.0
2021-07-18,28.64,32.32,25.36,82.41,2.06,18.2,2.03
2021-07-19,28.89,33.78,25.2,78.14,2.26,20.15,5.51
2021-07-20,27.71,32.05,24.49,83.38,2.64,10.19,9.84
2021-07-21,26.69,29.29,24.52,88.08,3.24,6.39,28.85
2021-07-22,27.19,30.24,25.06,88.15,2.84,9.83,26.36
2021-07-23,27.34,31.03,24.33,85.23,2.68,8.52,40.15
2021-07-24,27.39,31.37,24.67,84.26,4.02,8.69,9.67
2021-07-25,26.83,30.82,24.36,86.59,3.91,12.62,3.86
2021-07-26,27.63,32.3,23.52,82.29,3.73,13.03,3.86
2021-07-27,26.69,30.03,24.22,84.01,3.92,4.21,8.92
2021-07-28,26.24,29.46,23.73,86.18,3.49,7.72,11.38
2021-07-29,26.48,29.94,23.75,84.11,4.09,7.94,10.88
2021-07-30,26.34,30.19,23.62,85.96,3.96,4.45,17.48
2021-07-31,25.79,28.59,23.66,86.03,4.43,9.1,4.68
2021-08-01,26.09,30.02,23.58,82.33,4.82,9.22,0.46
2021-08-02,26.75,31.1,23.21,83.31,4.24,8.6,4.58
2021-08-03,26.84,31.07,23.53,82.76,3.56,11.48,1.27
2021-08-04,27.18,31.58,23.84,82.95,3.08,14.14,1.77
2021-08-05,26.51,29.69,24.34,86.71,2.9,9.13,4.16
2021-08-06,26.27,29.65,23.55,84.1,2.59,10.23,0.52
2021-08-07,27.34,31.93,23.15,80.62,2.4,14.98,0.14
2021-08-08,27.5,31.37,24.16,82.39,1.61,18.29,0.06
2021-08-09,28.25,32.37,24.59,80.84,1.7,19.07,0.88
2021-08-10,26.29,29.4,24.26,87.95,2.57,12.22,0.9
2021-08-11,27.65,32.07,23.77,80.76,2.12,18.84,0.21
2021-08-12,28.12,32.24,24.59,79.99,1.84,20.51,0.01
2021-08-13,27.25,31.14,24.53,81.35,2.26,22.66,0.0
2021-08-14,26.65,30.92,23.55,82.21,2.14,18.14,0.0
2021-08-15,27.53,31.82,23.01,80.29,1.61,17.04,1.04
2021-08-16,27.87,31.6,24.7,81.44,1.28,10.41,10.44
2021-08-17,26.5,28.7,24.91,91.38,2.1,12.03,33.03
2021-08-18,27.06,30.8,24.45,87.61,1.91,8.48,29.25
2021-08-19,25.93,28.61,24.14,89.29,1.21,7.62,10.06
2021-08-20,26.25,29.89,23.76,88.35,2.4,10.2,3.41
2021-08-21,26.41,29.83,23.84,86.92,2.53,12.77,2.53
2021-08-22,26.96,31.19,23.68,84.78,1.9,14.88,1.63
2021-08-23,26.96,31.17,23.62,86.65,1.71,16.3,5.02
2021-08-24,26.84,30.41,23.91,87.33,1.58,17.65,4.51
2021-08-25,27.0,30.67,24.03,86.24,1.84,21.19,0.89
2021-08-26,26.8,30.37,24.17,84.46,1.88,19.61,0.06
2021-08-27,27.4,31.66,22.91,80.69,1.23,19.84,0.01
2021-08-28,27.94,31.69,24.21,78.84,0.59,15.97,2.2
2021-08-29,27.93,31.86,24.38,83.66,1.2,14.32,14.83
2021-08-30,27.07,29.46,24.77,87.65,1.92,16.91,19.9
2021-08-31,27.2,31.06,24.54,86.44,2.6,17.17,7.62
2021-09-01,26.31,30.05,23.3,87.06,2.31,12.8,10.4
2021-09-02,26.91,30.58,23.29,85.96,1.68,16.87,1.67
2021-09-03,27.21,30.33,24.01,82.33,0.59,18.55,11.74
2021-09-04,27.34,30.94,23.75,84.97,0.98,16.3,11.49
2021-09-05,28.05,31.5,24.3,81.51,0.73,16.97,4.52
2021-09-06,27.68,31.14,24.01,85.75,1.74,17.05,13.64
2021-09-07,27.09,30.66,25.36,89.49,3.0,15.0,43.85
2021-09-08,26.41,29.69,24.0,89.7,3.56,6.61,14.84
2021-09-09,26.42,29.12,24.45,90.0,3.18,10.23,7.68
2021-09-10,26.73,29.71,24.24,88.02,2.07,13.72,15.46
2021-09-11,26.43,29.49,24.22,88.03,1.3,16.82,16.4
2021-09-12,26.5,30.25,23.72,88.94,1.55,14.83,15.67
2021-09-13,27.06,31.28,23.99,87.91,1.96,15.74,14.32
2021-09-14,26.26,28.94,24.25,92.52,2.7,14.2,13.85
2021-09-15,25.82,28.27,24.4,91.65,3.32,9.42,15.4
2021-09-16,26.06,29.32,24.1,88.69,3.08,8.29,3.7
2021-09-17,25.82,29.17,23.88,89.65,2.86,13.58,16.7
2021-09-18,26.19,30.12,23.17,86.12,2.01,18.18,0.55
2021-09-19,26.53,29.85,23.12,84.93,0.74,19.03,11.2
2021-09-20,27.07,30.9,23.45,83.41,0.86,5.98,6.01
2021-09-21,27.25,30.87,23.65,84.29,0.73,11.73,25.16
2021-09-22,27.39,30.78,23.97,83.98,1.32,17.21,5.72
2021-09-23,27.4,30.86,24.11,83.35,0.83,16.95,6.56
2021-09-24,26.74,29.77,24.12,85.89,1.0,16.05,8.27
2021-09-25,26.99,30.15,23.38,85.14,1.24,13.4,12.44
2021-09-26,26.71,30.07,23.72,88.34,1.53,18.15,2.89
2021-09-27,26.13,29.21,23.93,89.67,3.72,15.86,5.64
2021-09-28,25.91,28.83,23.63,90.26,4.49,10.42,5.58
2021-09-29,25.96,29.71,23.13,86.66,1.81,17.15,0.6
2021-09-30,26.77,30.41,23.73,83.6,0.45,19.91,4.57
2021-10-01,27.64,31.13,23.57,80.66,0.59,20.06,4.53
2021-10-02,27.53,30.77,23.96,81.61,0.65,15.85,3.17
2021-10-03,27.06,30.35,23.98,84.71,0.69,16.29,3.33
2021-10-04,27.41,31.02,23.3,82.17,0.79,19.88,1.32
2021-10-05,27.47,31.18,24.08,84.11,1.03,16.79,2.94
2021-10-06,26.92,30.47,23.57,84.35,1.16,19.67,1.02
2021-10-07,27.36,31.33,23.05,80.52,0.87,18.63,0.01
2021-10-08,27.8,31.23,23.63,77.63,0.72,17.28,0.68
2021-10-09,27.34,31.15,23.32,77.33,0.99,20.45,0.34
2021-10-10,26.61,30.54,22.93,71.18,0.77,21.64,0.02
2021-10-11,25.39,29.78,21.01,75.49,1.04,21.21,0.0
2021-10-12,25.32,30.14,19.69,74.86,1.27,21.22,0.0
2021-10-13,25.45,30.81,19.42,77.83,1.23,21.23,0.0
2021-10-14,24.39,29.83,19.93,80.53,2.06,21.06,0.0
2021-10-15,24.49,29.51,19.46,83.37,2.16,17.88,0.35
2021-10-16,25.8,29.41,23.09,89.57,2.05,17.34,3.73
2021-10-17,26.2,30.0,23.62,88.25,2.62,12.51,5.32
2021-10-18,26.24,29.55,24.09,89.83,3.06,11.18,1.4
2021-10-19,24.43,29.05,21.21,80.71,2.23,18.42,0.15
2021-10-20,24.08,29.2,19.05,78.9,1.35,19.09,0.0
2021-10-21,23.25,28.11,18.47,68.3,1.31,20.02,0.0
2021-10-22,22.72,28.98,15.66,68.16,1.06,20.11,0.0
2021-10-23,23.16,28.25,17.67,67.66,0.85,20.74,0.0
2021-10-24,22.89,28.08,16.89,72.91,1.03,19.01,0.0
2021-10-25,22.54,27.59,17.17,74.7,1.38,18.63,0.0
2021-10-26,21.7,27.47,16.28,76.65,1.55,17.07,0.0
2021-10-27,21.64,27.8,16.12,78.8,1.64,18.47,0.0
2021-10-28,21.12,27.71,16.07,79.38,2.08,19.75,0.0
2021-10-29,20.94,27.79,15.47,76.83,2.15,19.79,0.0
2021-10-30,19.86,27.02,14.32,71.98,1.99,19.05,0.0
2021-10-31,19.23,26.26,13.04,70.11,1.65,19.9,0.0
2021-11-01,19.54,26.81,12.12,73.2,1.3,19.43,0.0
2021-11-02,19.23,22.41,16.93,86.36,2.19,16.05,0.0
2021-11-03,21.62,26.89,17.93,86.36,1.68,14.98,0.0
2021-11-04,22.32,27.68,17.78,85.29,1.59,14.55,0.0
2021-11-05,22.4,27.42,18.64,85.55,1.51,15.16,0.0
2021-11-06,21.8,27.33,17.59,80.19,1.48,18.09,0.0
2021-11-07,20.63,26.65,15.24,76.34,1.45,18.3,0.0
2021-11-08,19.61,25.92,12.88,72.35,1.35,17.39,0.0
2021-11-09,18.94,26.32,12.87,71.74,1.59,15.75,0.0
2021-11-10,18.52,26.12,12.0,72.69,1.69,15.51,0.0
2021-11-11,18.72,24.98,13.69,75.38,1.82,13.19,0.0
2021-11-12,21.57,27.53,16.56,82.79,2.08,13.14,0.0
2021-11-13,23.89,28.92,20.5,85.84,2.32,11.69,0.01
2021-11-14,24.9,29.36,20.75,83.14,1.14,15.66,0.04
2021-11-15,23.93,28.56,20.81,84.25,2.03,15.37,0.02
2021-11-16,23.07,27.92,19.19,83.65,2.15,14.29,0.0
2021-11-17,23.89,28.85,20.15,86.19,1.99,15.04,0.0
2021-11-18,24.43,29.93,20.34,84.16,1.98,15.02,0.0
2021-11-19,23.66,29.11,18.72,81.84,2.07,15.13,0.0
2021-11-20,24.42,29.51,20.78,83.74,2.32,11.63,0.17
2021-11-21,25.09,29.44,21.61,84.69,1.59,12.81,4.55
2021-11-22,25.28,29.85,21.79,85.16,0.99,10.95,1.96
2021-11-23,24.83,29.74,21.34,78.97,1.29,14.71,0.07
2021-11-24,23.35,29.27,17.54,72.36,1.03,15.97,0.0
2021-11-25,23.2,28.84,17.15,69.17,0.69,16.01,0.0
2021-11-26,21.67,28.43,15.47,68.5,1.11,16.37,0.0
2021-11-27,19.41,27.86,13.64,72.3,1.63,17.31,0.0
2021-11-28,17.99,26.55,11.44,71.03,1.84,16.92,0.0
2021-11-29,18.77,26.99,11.87,65.22,1.78,17.02,0.0
2021-11-30,18.94,27.47,12.36,66.86,1.79,15.72,0.0
2021-12-01,19.19,26.76,13.43,67.4,1.75,15.83,0.0
2021-12-02,18.77,26.46,13.26,70.97,1.8,15.79,0.0
2021-12-03,19.04,25.78,13.89,74.13,1.95,10.54,0.0
2021-12-04,20.22,28.4,14.23,72.14,2.1,14.89,0.0
2021-12-05,21.4,29.16,14.15,65.87,1.28,15.11,0.0
2021-12-06,20.9,28.98,13.83,68.74,1.22,14.77,0.0
2021-12-07,20.78,28.41,14.93,73.26,2.05,14.44,0.0
2021-12-08,20.66,27.62,14.88,75.97,2.01,12.86,0.0
2021-12-09,21.28,27.49,17.03,76.15,1.46,12.4,0.0
2021-12-10,20.83,27.38,15.48,74.43,1.46,12.61,0.0
2021-12-11,19.72,27.63,13.56,66.95,1.42,13.66,0.0
2021-12-12,18.57,27.18,12.14,68.41,1.57,15.11,0.0
2021-12-13,18.34,26.61,12.38,69.29,1.7,15.24,0.0
2021-12-14,18.96,27.21,12.91,71.28,1.6,14.99,0.0
2021-12-15,18.63,26.68,12.68,71.99,1.63,12.64,0.0
2021-12-16,19.1,26.86,12.57,72.56,1.3,13.77,0.0
2021-12-17,19.3,26.13,12.46,67.55,0.99,13.57,0.0
2021-12-18,18.3,26.5,12.73,69.28,2.02,13.06,0.0
2021-12-19,14.98,24.64,8.55,46.57,2.08,17.2,0.0
2021-12-20,14.97,24.77,4.98,39.48,1.45,17.8,0.0
2021-12-21,15.93,25.6,6.57,43.89,1.14,17.72,0.0
2021-12-22,17.59,27.23,8.62,44.14,1.12,17.45,0.0
2021-12-23,19.01,28.26,10.6,48.5,1.02,17.03,0.0
2021-12-24,19.84,28.18,12.46,54.67,0.87,15.54,0.0
2021-12-25,20.71,28.85,13.17,58.51,0.88,15.53,0.0
2021-12-26,21.08,28.62,13.41,60.5,1.17,14.49,0.0
2021-12-27,20.89,27.95,13.95,64.65,1.05,12.72,0.0
2021-12-28,20.77,26.63,13.95,74.86,1.59,7.39,4.64
2021-12-29,20.09,24.92,15.54,82.89,1.25,8.98,13.06
2021-12-30,17.51,23.5,13.03,77.82,2.43,12.78,0.74
2021-12-31,17.77,24.66,11.95,76.98,1.7,13.25,0.01
2022-01-01,18.49,26.19,12.08,73.57,1.5,14.04,0.0
2022-01-02,18.53,26.38,12.54,73.08,1.4,14.37,0.0
2022-01-03,18.5,26.6,11.89,71.44,1.26,16.57,0.0
2022-01-04,18.87,27.89,11.38,70.47,1.11,16.87,0.0
2022-01-05,19.48,28.16,12.05,69.19,1.31,16.02,0.0
2022-01-06,19.83,28.17,13.0,70.57,1.43,14.04,0.0
2022-01-07,19.93,28.61,13.32,68.84,2.23,13.93,0.0
2022-01-08,20.47,27.87,13.65,74.48,2.1,12.93,1.11
2022-01-09,21.09,27.35,15.88,79.79,2.08,4.6,6.78
2022-01-10,20.18,25.93,15.24,81.51,1.43,7.74,5.23
2022-01-11,19.17,23.69,16.07,85.36,2.16,8.29,14.91
2022-01-12,18.88,24.52,14.88,79.02,1.28,11.33,2.03
2022-01-13,18.45,25.52,12.53,77.6,2.16,13.82,0.12
2022-01-14,19.12,25.11,14.92,81.91,2.34,4.64,2.38
2022-01-15,18.82,24.8,14.83,78.58,1.87,11.4,0.34
2022-01-16,18.02,25.77,12.22,72.71,1.6,15.31,0.0
2022-01-17,18.3,26.34,10.69,67.27,1.28,16.63,0.0
2022-01-18,17.99,25.49,10.91,69.23,1.04,16.88,32.47
2022-01-19,17.7,25.88,10.26,60.14,1.35,18.51,0.0
2022-01-20,18.9,27.1,12.27,60.4,1.1,18.39,0.0
2022-01-21,19.39,28.41,12.44,65.53,1.65,17.35,0.0
2022-01-22,19.91,28.03,11.63,61.86,1.72,16.76,0.02
2022-01-23,19.72,26.64,13.22,64.59,2.26,15.91,0.11
2022-01-24,16.19,24.02,9.15,49.75,1.86,15.02,0.0
2022-01-25,15.53,23.17,7.47,53.32,1.68,17.74,0.0
2022-01-26,15.27,23.77,7.48,55.2,1.72,19.03,0.0
2022-01-27,14.99,24.0,7.21,53.31,1.76,20.03,0.0
2022-01-28,14.8,24.01,5.87,50.86,1.43,19.83,0.0
2022-01-29,16.4,25.67,6.28,46.98,1.15,20.54,0.0
2022-01-30,17.71,27.72,9.64,44.48,1.34,19.38,0.0
2022-01-31,19.12,29.28,10.53,43.55,1.35,19.09,0.0
2022-02-01,20.38,30.21,11.04,43.97,1.21,20.18,0.0
2022-02-02,20.6,30.12,13.67,49.05,1.04,20.04,0.0
2022-02-03,19.57,29.15,11.29,57.34,2.18,18.88,0.01
2022-02-04,18.03,27.15,10.13,46.86,1.77,20.32,0.0
2022-02-05,17.33,27.29,7.78,43.97,1.25,21.07,0.0
2022-02-06,18.27,27.92,8.29,45.25,1.23,20.33,0.0
2022-02-07,19.38,29.03,8.84,45.65,1.1,20.41,0.0
2022-02-08,20.15,29.38,10.63,46.45,1.2,19.68,0.0
2022-02-09,21.78,29.04,15.24,60.79,1.84,12.83,1.42
2022-02-10,20.48,28.09,14.48,67.07,2.0,17.55,0.11
2022-02-11,18.43,27.68,10.9,50.02,2.04,20.12,0.0
2022-02-12,18.49,28.71,8.53,42.65,1.4,21.76,0.0
2022-02-13,18.78,29.13,8.81,47.3,1.27,21.03,0.0
2022-02-14,19.65,29.93,9.84,48.06,1.32,20.66,0.0
2022-02-15,20.45,29.96,11.4,51.3,1.47,18.75,0.0
2022-02-16,21.6,29.32,13.67,56.51,1.12,14.88,4.71
2022-02-17,21.76,30.22,15.11,58.21,1.49,7.99,0.3
2022-02-18,22.24,29.77,15.5,64.74,1.27,12.38,0.29
2022-02-19,23.25,29.7,17.43,61.83,1.39,12.3,0.21
2022-02-20,24.13,32.88,17.14,50.53,1.87,20.26,0.0
2022-02-21,23.37,33.24,12.96,31.88,1.58,23.06,0.0
2022-02-22,22.67,33.73,12.86,34.48,1.61,21.3,0.0
2022-02-23,23.54,34.59,12.74,44.53,1.85,21.29,0.0
2022-02-24,25.52,35.23,16.31,48.18,2.3,20.57,0.03
2022-02-25,25.45,34.33,16.45,34.98,1.24,22.06,0.01
2022-02-26,25.27,34.03,16.8,44.57,2.23,19.81,0.0
2022-02-27,25.89,34.57,17.55,44.4,1.91,18.7,0.0
2022-02-28,26.37,34.67,18.02,37.26,1.43,21.09,0.0
2022-03-01,26.95,34.87,18.77,32.98,0.95,20.38,0.21
2022-03-02,26.45,35.61,17.42,38.01,1.27,20.81,0.01
2022-03-03,26.4,35.29,17.98,40.67,1.93,14.53,0.05
2022-03-04,27.24,35.21,19.63,38.86,1.49,19.1,0.43
2022-03-05,27.86,35.59,20.18,35.53,1.19,20.39,0.17
2022-03-06,26.74,35.91,18.1,30.74,1.51,23.1,0.0
2022-03-07,26.42,35.54,17.49,33.1,1.55,22.02,0.0
2022-03-08,27.1,36.05,17.27,28.59,1.4,20.3,0.0
2022-03-09,27.65,36.38,18.11,27.38,1.43,20.36,0.0
2022-03-10,28.56,36.54,19.08,27.91,1.15,20.66,0.0
2022-03-11,28.86,36.88,21.83,26.62,1.69,21.14,0.0
2022-03-12,28.47,36.95,19.82,25.17,1.74,24.14,0.0
2022-03-13,28.43,37.24,18.27,19.5,1.42,24.73,0.0
2022-03-14,29.4,39.22,17.61,17.85,1.55,25.09,0.0
2022-03-15,30.79,40.31,22.1,20.34,1.53,24.44,0.0
2022-03-16,31.41,41.84,21.67,21.07,1.86,24.65,0.0
2022-03-17,31.66,42.46,21.07,18.72,2.05,24.56,0.0
2022-03-18,31.45,41.08,22.15,21.96,1.36,24.04,0.0
2022-03-19,30.99,39.73,21.96,26.51,1.16,22.07,0.0
2022-03-20,32.22,40.46,23.39,24.81,0.74,17.17,0.0
2022-03-21,32.68,41.07,23.67,17.02,1.72,18.37,0.0
2022-03-22,31.93,41.0,22.88,15.79,1.48,24.5,0.0
2022-03-23,31.32,40.68,22.45,15.16,2.08,23.72,0.0
2022-03-24,31.55,40.18,22.36,20.85,1.56,19.4,0.0
2022-03-25,32.91,41.37,24.92,22.96,2.16,17.46,0.0
2022-03-26,33.52,41.75,25.69,19.21,1.47,21.15,0.0
2022-03-27,32.72,41.44,23.25,13.87,1.52,25.72,0.0
2022-03-28,33.08,41.91,24.31,11.53,0.79,25.74,0.0
2022-03-29,33.01,43.11,22.85,12.72,1.97,26.4,0.0
2022-03-30,33.54,43.38,22.67,11.86,1.7,26.84,0.0
2022-03-31,33.79,43.73,23.75,11.11,1.3,26.13,0.0
2022-04-01,33.75,44.09,24.0,10.41,1.52,26.02,0.0
2022-04-02,33.49,43.13,23.9,12.8,1.32,25.03,0.0
2022-04-03,34.18,42.92,26.02,13.58,1.0,21.92,0.0
2022-04-04,34.39,43.22,25.83,15.85,0.88,24.94,0.0
2022-04-05,33.54,43.01,24.59,15.94,1.55,25.72,0.0
2022-04-06,33.7,43.41,23.98,18.47,1.49,23.79,0.0
2022-04-07,33.88,43.08,24.42,19.42,1.76,20.05,0.0
2022-04-08,34.5,42.54,25.81,24.2,2.39,19.38,0.0
2022-04-09,35.3,43.18,27.02,26.77,2.63,22.98,0.0
2022-04-10,35.86,43.73,28.66,24.13,2.73,24.12,0.0
2022-04-11,35.54,44.02,27.32,19.63,2.18,23.73,0.0
2022-04-12,35.62,44.41,27.45,21.52,2.41,21.59,0.0
2022-04-13,35.8,43.39,27.82,22.69,2.2,21.19,0.0
2022-04-14,34.94,41.29,29.37,19.18,2.07,16.32,0.0
2022-04-15,34.45,42.69,27.08,16.65,2.05,22.5,0.0
2022-04-16,34.39,43.4,25.95,13.01,2.14,27.09,0.0
2022-04-17,34.6,43.5,25.77,14.2,1.39,25.91,0.0
2022-04-18,35.55,44.18,26.44,14.45,1.11,25.13,0.0
2022-04-19,36.58,44.6,27.43,14.14,1.36,23.87,0.0
2022-04-20,36.9,45.13,27.88,14.17,1.14,24.36,0.0
2022-04-21,36.66,44.38,28.51,15.52,0.92,21.37,0.0
2022-04-22,35.39,41.48,29.4,26.83,1.62,22.99,0.23
2022-04-23,34.64,40.64,28.46,32.79,1.83,21.11,0.0
2022-04-24,35.71,42.52,29.43,27.53,1.96,23.53,0.02
2022-04-25,36.69,44.83,27.47,16.93,1.75,27.51,0.0
2022-04-26,36.06,43.69,27.57,12.91,1.48,25.89,0.0
2022-04-27,36.97,45.51,27.22,12.13,1.91,27.57,0.0
2022-04-28,37.53,45.77,28.67,12.46,1.06,25.55,0.0
2022-04-29,37.46,46.14,28.51,14.39,1.57,25.48,0.0
2022-04-30,37.57,46.16,29.12,13.74,2.46,26.39,0.0
2022-05-01,37.15,45.38,28.73,15.09,2.56,26.2,0.0
2022-05-02,37.18,44.06,30.63,19.64,2.23,22.17,0.0
2022-05-03,38.1,45.16,30.52,21.02,1.3,23.24,0.02
2022-05-04,37.38,43.99,31.53,22.03,2.3,25.96,0.01
2022-05-05,36.75,44.25,29.48,18.01,1.7,26.08,0.0
2022-05-06,36.25,44.14,27.75,15.64,1.62,24.7,0.0
2022-05-07,35.83,43.05,27.92,20.86,1.74,21.6,0.0
2022-05-08,37.1,44.47,29.99,18.5,1.44,24.36,0.0
2022-05-09,35.67,43.68,27.54,18.25,1.9,25.09,0.0
2022-05-10,35.61,43.33,28.12,27.81,3.98,25.66,0.0
2022-05-11,36.12,43.37,29.28,33.85,3.61,23.92,0.0
2022-05-12,36.87,43.17,30.29,34.74,2.22,21.45,0.1
2022-05-13,37.48,44.46,29.89,32.38,3.69,23.53,0.84
2022-05-14,38.72,46.17,31.32,23.63,2.92,23.84,0.0
2022-05-15,39.16,46.53,31.8,23.02,2.7,22.8,0.0
2022-05-16,37.68,43.33,32.05,32.63,2.61,18.65,0.67
2022-05-17,36.69,43.94,31.12,32.88,3.67,27.29,0.0
2022-05-18,37.17,43.83,30.5,30.7,2.25,19.29,0.0
2022-05-19,36.81,43.18,31.09,32.91,3.5,23.92,0.0
2022-05-20,37.01,44.34,30.32,36.73,3.8,24.84,0.0
2022-05-21,37.05,44.04,29.9,29.07,5.17,26.08,0.0
2022-05-22,35.8,42.95,28.77,28.11,4.41,23.52,0.03
2022-05-23,35.88,42.7,29.04,31.05,3.61,26.22,0.0
2022-05-24,36.39,42.05,30.14,27.71,1.62,21.66,2.95
2022-05-25,36.11,42.16,29.44,30.42,1.66,21.64,1.94
2022-05-26,36.58,42.06,31.32,32.39,2.15,22.09,0.48
2022-05-27,35.89,42.97,29.14,31.59,2.92,25.86,0.76
2022-05-28,36.28,43.53,28.94,28.87,3.82,26.57,0.0
2022-05-29,36.81,43.54,30.13,28.21,3.91,25.73,0.0
2022-05-30,37.44,44.49,30.45,27.9,2.64,21.11,0.02
2022-05-31,37.6,44.22,31.69,27.67,2.28,18.53,0.71
2022-06-01,38.58,46.35,31.94,19.81,2.95,22.67,0.01
2022-06-02,37.57,45.22,29.23,23.66,2.36,21.57,0.02
2022-06-03,38.32,45.09,30.9,18.43,2.97,22.3,0.0
2022-06-04,38.74,45.88,32.29,19.62,2.4,20.51,0.0
2022-06-05,39.04,45.89,32.37,19.55,1.66,23.51,0.02
2022-06-06,38.35,45.4,32.0,20.47,1.88,21.8,0.0
2022-06-07,38.56,46.14,31.44,19.11,3.01,24.75,0.0
2022-06-08,38.71,46.05,31.17,19.93,3.83,22.25,0.0
2022-06-09,38.17,44.7,32.37,28.9,4.29,23.44,0.2
2022-06-10,37.02,43.81,32.02,31.22,3.6,17.34,0.11
2022-06-11,34.83,40.03,30.05,41.69,3.78,18.78,0.58
2022-06-12,34.24,39.54,29.63,44.72,3.0,18.43,1.61
2022-06-13,34.08,40.02,28.97,46.67,3.41,20.97,0.38
2022-06-14,34.54,40.78,29.25,46.09,3.39,23.19,1.58
2022-06-15,31.16,35.93,27.68,62.56,2.16,17.95,9.52
2022-06-16,30.12,34.39,26.46,70.43,1.72,17.4,3.62
2022-06-17,29.52,33.5,26.56,72.61,2.3,14.97,6.83
2022-06-18,28.07,30.9,26.04,81.37,2.07,12.2,11.92
2022-06-19,29.48,33.79,25.75,74.11,2.02,14.12,9.11
2022-06-20,29.13,33.76,25.83,75.14,3.04,15.69,19.41
2022-06-21,28.97,32.86,25.43,76.14,2.08,15.96,15.66
2022-06-22,29.53,33.98,25.22,71.46,1.15,22.58,6.99
2022-06-23,29.83,34.81,25.34,68.85,0.99,12.22,2.04
2022-06-24,29.73,34.78,25.42,70.15,1.35,18.78,3.63
2022-06-25,29.09,33.58,25.44,72.92,1.74,15.55,4.63
2022-06-26,29.13,33.84,25.53,71.91,2.47,13.39,4.94
2022-06-27,29.07,34.49,24.6,72.39,2.02,17.74,6.99
2022-06-28,29.69,34.77,25.17,72.34,2.74,19.59,4.13
2022-06-29,29.75,33.95,25.78,72.55,2.48,12.45,4.74
2022-06-30,28.76,32.58,25.72,80.46,1.88,14.75,9.77
2022-07-01,28.55,32.38,24.79,78.59,2.71,18.55,3.41
2022-07-02,27.64,31.28,25.38,81.97,2.41,12.21,11.64
2022-07-03,27.53,31.0,25.1,84.14,2.33,9.87,17.65
2022-07-04,26.11,27.84,24.95,89.22,3.62,8.49,29.24
2022-07-05,26.79,30.07,24.59,86.43,2.23,13.45,27.02
2022-07-06,27.31,31.62,23.32,79.15,2.62,9.76,6.86
2022-07-07,27.35,30.77,24.43,85.71,2.01,12.97,25.67
2022-07-08,27.77,31.23,25.16,84.65,2.87,11.92,21.16
2022-07-09,26.8,29.32,24.47,88.06,2.48,17.04,28.22
2022-07-10,26.9,29.67,24.18,87.14,2.2,12.53,38.06
2022-07-11,27.14,30.45,25.01,90.37,3.14,10.26,59.88
2022-07-12,27.57,30.13,25.27,89.29,1.96,14.21,41.33
2022-07-13,28.14,31.46,25.2,86.12,2.34,7.97,35.37
2022-07-14,28.62,31.46,25.92,83.22,0.85,8.07,49.37
2022-07-15,26.33,28.45,24.41,90.73,3.37,10.56,24.19
2022-07-16,27.39,30.68,24.49,86.28,2.75,14.42,2.32
2022-07-17,26.51,28.24,25.17,92.93,3.68,3.53,54.48
2022-07-18,26.25,28.56,24.23,92.28,5.02,10.22,38.77
2022-07-19,25.49,28.56,22.79,89.65,4.18,7.04,5.73
2022-07-20,26.65,30.33,23.65,88.28,3.38,6.52,2.6
2022-07-21,25.79,27.43,24.83,93.6,3.23,10.28,5.69
2022-07-22,26.02,28.34,24.39,93.06,3.34,11.04,20.07
2022-07-23,25.55,27.71,24.12,93.03,4.77,8.75,16.23
2022-07-24,25.41,28.04,23.83,91.47,3.88,8.37,11.03
2022-07-25,25.62,27.88,23.73,91.57,2.48,10.13,28.14
2022-07-26,25.71,27.96,23.81,90.38,0.97,8.59,20.43
2022-07-27,26.9,30.45,23.26,85.87,0.83,11.48,3.65
2022-07-28,27.6,30.7,24.74,85.5,0.82,21.19,4.61
2022-07-29,26.85,29.33,24.89,89.24,1.17,14.17,3.8
2022-07-30,26.59,29.96,24.15,88.56,2.0,14.57,1.9
2022-07-31,26.93,30.51,23.26,85.77,1.55,22.96,0.82
2022-08-01,27.28,30.19,24.49,85.85,1.44,18.98,0.0
2022-08-02,27.21,30.84,24.25,86.12,1.47,18.1,0.06
2022-08-03,28.06,31.53,24.27,85.11,1.08,13.92,2.6
2022-08-04,27.51,30.85,25.19,88.07,1.55,13.91,4.83
2022-08-05,27.52,31.53,24.51,87.24,1.41,16.21,4.68
2022-08-06,26.93,29.78,24.81,90.63,0.85,21.33,18.08
2022-08-07,26.14,28.15,24.18,90.61,1.67,17.15,33.14
2022-08-08,26.73,29.93,24.67,89.75,1.65,17.63,75.02
2022-08-09,26.56,29.42,24.12,89.9,1.98,12.28,84.42
2022-08-10,25.07,26.93,23.33,94.06,5.95,5.01,62.47
2022-08-11,26.23,29.46,23.09,90.74,3.98,7.04,11.26
2022-08-12,26.54,29.68,23.82,89.89,3.33,16.55,4.21
2022-08-13,26.16,29.14,23.63,90.43,3.33,11.38,11.34
2022-08-14,25.38,26.89,23.79,93.4,4.14,3.11,30.98
2022-08-15,24.88,26.56,23.57,94.03,4.95,4.72,42.75
2022-08-16,25.56,28.54,22.9,91.04,3.76,13.28,51.6
2022-08-17,26.41,29.85,23.48,88.92,2.38,22.79,13.62
2022-08-18,26.51,29.86,24.07,88.4,2.24,21.45,1.84
2022-08-19,26.24,29.01,24.21,90.2,2.35,17.03,0.62
2022-08-20,25.88,27.62,24.62,92.62,2.97,8.97,9.26
2022-08-21,25.47,28.7,23.47,91.28,4.97,6.19,6.74
2022-08-22,25.37,28.55,23.18,89.89,4.34,11.21,2.45
2022-08-23,26.55,30.35,23.16,86.24,2.11,18.53,0.77
2022-08-24,26.24,29.26,24.04,87.44,1.31,20.1,1.55
2022-08-25,26.42,30.19,23.02,84.04,1.44,17.66,0.77
2022-08-26,26.53,30.83,22.5,84.37,1.68,19.78,1.11
2022-08-27,26.59,30.72,22.58,84.92,1.72,15.57,0.25
2022-08-28,25.33,27.17,23.85,91.57,2.35,8.82,0.76
2022-08-29,25.91,29.28,23.86,90.3,1.75,13.64,4.14
2022-08-30,27.01,30.61,23.65,85.73,1.01,21.65,0.78
2022-08-31,27.41,31.05,23.88,85.26,0.86,20.03,1.86
2022-09-01,26.85,29.88,24.07,88.22,1.3,18.0,6.92
2022-09-02,27.4,31.21,23.74,85.29,1.09,22.64,0.43
2022-09-03,27.01,30.09,24.06,87.6,1.5,18.83,3.54
2022-09-04,25.91,28.13,24.04,91.06,1.56,5.56,21.56
2022-09-05,25.17,27.39,23.29,90.98,1.57,11.74,10.63
2022-09-06,26.99,30.16,23.38,83.66,0.97,17.43,2.78
2022-09-07,26.93,30.21,24.13,85.85,1.11,16.7,10.1
2022-09-08,26.82,30.4,23.72,88.0,1.61,16.71,1.77
2022-09-09,27.11,30.53,24.26,87.96,2.16,20.35,0.37
2022-09-10,27.1,30.75,24.22,87.48,2.09,19.06,3.43
2022-09-11,27.19,30.81,24.81,87.82,1.92,17.42,15.45
2022-09-12,25.95,27.72,24.27,92.71,2.52,7.24,68.39
2022-09-13,25.99,28.83,24.18,91.42,3.74,6.44,41.52
2022-09-14,26.12,29.08,24.11,90.79,3.58,12.11,17.4
2022-09-15,26.34,29.62,23.55,90.41,3.46,12.39,5.08
2022-09-16,26.2,28.99,24.02,91.41,3.35,11.69,13.09
2022-09-17,26.39,30.24,23.62,89.1,2.42,13.17,1.94
2022-09-18,26.51,30.26,23.04,85.69,1.34,18.85,0.29
2022-09-19,27.12,30.98,22.94,84.0,1.42,18.32,0.76
2022-09-20,26.67,30.07,23.96,88.48,2.01,15.66,21.0
2022-09-21,26.08,28.96,23.84,90.56,1.88,7.97,13.31
2022-09-22,24.94,26.84,23.69,93.94,3.05,6.3,5.59
2022-09-23,24.98,28.62,22.4,89.06,2.46,14.01,1.77
2022-09-24,24.95,28.9,21.7,87.86,1.96,7.94,0.01
2022-09-25,26.26,30.04,22.05,82.1,1.13,12.97,0.55
2022-09-26,26.47,30.4,22.57,82.49,1.13,19.31,0.35
2022-09-27,26.31,29.49,23.65,86.11,1.41,18.8,2.92
2022-09-28,26.39,30.08,22.9,85.26,1.48,16.09,1.49
2022-09-29,26.09,30.43,22.08,83.77,1.67,21.4,0.52
2022-09-30,25.91,30.66,21.57,81.67,1.69,20.88,0.0
2022-10-01,26.25,31.18,21.5,82.1,1.5,21.4,0.0
2022-10-02,26.1,30.99,21.97,83.94,2.11,21.92,0.0
2022-10-03,25.97,30.65,21.76,84.68,2.11,20.58,0.0
2022-10-04,25.35,29.28,21.8,86.94,1.62,9.47,0.34
2022-10-05,25.91,29.66,22.92,88.62,1.51,11.21,3.43
2022-10-06,26.41,29.96,24.26,88.55,2.54,16.08,6.76
2022-10-07,25.68,28.49,23.4,88.22,2.39,13.33,3.97
2022-10-08,25.62,29.1,22.8,89.41,1.83,15.85,0.77
2022-10-09,26.38,30.02,22.91,86.85,1.25,17.29,3.39
2022-10-10,25.35,28.11,23.47,90.82,1.51,17.15,6.34
2022-10-11,25.21,28.02,23.12,90.99,1.71,8.54,20.43
2022-10-12,25.32,28.23,22.67,87.59,1.0,15.46,5.59
2022-10-13,25.41,29.27,21.7,86.2,1.02,17.1,12.19
2022-10-14,25.27,29.33,22.28,86.4,1.75,18.98,0.99
2022-10-15,24.45,29.06,20.08,85.25,2.24,19.75,0.9
2022-10-16,25.14,29.58,21.63,87.43,1.85,14.43,1.68
2022-10-17,25.58,29.91,21.51,86.17,1.23,16.68,18.0
2022-10-18,25.07,28.88,21.44,86.83,1.05,15.66,8.62
2022-10-19,24.4,28.65,21.52,88.94,1.92,19.8,0.8
2022-10-20,24.12,28.96,20.43,87.01,2.05,20.35,0.02
2022-10-21,22.12,27.59,17.91,79.58,1.92,20.46,0.0
2022-10-22,21.27,27.75,15.19,81.71,1.76,21.07,0.0
2022-10-23,20.84,27.17,15.55,83.69,1.92,19.16,0.0
2022-10-24,20.66,26.85,14.84,78.77,1.85,20.3,0.0
2022-10-25,21.75,27.9,14.66,68.8,0.75,20.31,0.0
2022-10-26,21.49,27.27,15.83,69.62,1.03,20.38,0.0
2022-10-27,21.54,27.5,16.14,66.53,0.91,20.29,0.0
2022-10-28,21.27,27.18,15.82,68.49,0.97,20.34,0.0
2022-10-29,21.12,27.18,15.88,74.33,0.99,19.78,0.0
2022-10-30,20.95,27.03,15.42,77.13,1.13,18.66,0.0
2022-10-31,19.66,25.87,14.21,78.01,1.41,17.88,0.0
2022-11-01,20.21,26.45,13.56,79.44,1.36,19.47,0.0
2022-11-02,20.78,26.58,14.96,77.65,1.32,19.96,0.0
2022-11-03,21.05,27.03,14.67,75.9,1.22,19.56,0.0
2022-11-04,20.83,26.96,14.12,72.2,0.99,18.68,0.0
2022-11-05,21.63,27.76,15.21,71.94,0.78,17.66,0.0
2022-11-06,23.13,28.74,17.14,71.35,0.41,17.98,0.0
2022-11-07,22.36,28.21,17.21,78.44,0.96,18.24,0.0
2022-11-08,21.2,27.67,16.07,81.99,1.33,18.87,0.0
2022-11-09,20.42,26.66,14.76,82.05,1.45,17.51,0.0
2022-11-10,20.48,26.66,14.74,82.4,1.46,16.52,0.0
2022-11-11,20.83,27.18,15.11,83.76,1.32,15.82,0.0
2022-11-12,20.63,26.6,15.6,82.97,1.2,16.11,0.0
2022-11-13,19.35,25.83,14.1,77.52,1.59,17.47,0.0
2022-11-14,18.53,25.32,12.2,74.36,1.43,18.57,0.0
2022-11-15,19.57,25.63,12.25,67.87,0.89,18.88,0.0
2022-11-16,20.21,26.04,13.16,63.66,0.53,17.97,0.0
2022-11-17,19.38,26.23,13.31,69.97,1.36,17.1,0.0
2022-11-18,18.39,25.48,13.03,76.72,1.77,17.88,0.0
2022-11-19,16.85,24.51,11.33,71.92,1.72,18.31,0.0
2022-11-20,17.14,24.17,9.59,71.35,1.14,17.78,0.0
2022-11-21,18.09,25.5,10.53,73.08,1.27,16.32,0.0
2022-11-22,19.18,26.4,12.53,74.85,1.59,17.42,0.0
2022-11-23,20.0,26.87,14.07,75.03,1.56,16.98,0.0
2022-11-24,19.5,26.72,13.72,73.16,1.55,17.47,0.0
2022-11-25,18.72,26.06,12.41,73.37,1.53,18.04,0.0
2022-11-26,18.41,25.21,10.94,66.85,0.95,18.23,0.0
2022-11-27,18.43,25.62,10.35,60.85,0.7,17.88,0.0
2022-11-28,19.25,26.01,10.85,59.89,0.86,17.29,0.0
2022-11-29,18.97,26.41,11.41,66.67,1.03,16.37,0.0
2022-11-30,18.38,25.72,11.87,74.16,1.39,14.84,0.0
2022-12-01,19.18,25.85,12.28,71.8,1.2,14.84,0.0
2022-12-02,20.24,26.89,13.31,71.71,0.97,14.76,0.0
2022-12-03,20.74,27.18,13.64,70.92,1.01,14.39,0.0
2022-12-04,20.09,27.18,13.27,74.11,1.14,14.57,0.0
2022-12-05,19.85,27.34,14.72,79.47,1.56,14.95,0.0
2022-12-06,19.52,26.71,12.94,75.6,1.29,14.78,0.0
2022-12-07,17.61,25.69,12.49,71.14,1.95,14.86,0.0
2022-12-08,16.19,25.31,9.98,66.27,2.14,13.75,0.0
2022-12-09,16.32,25.25,9.9,67.13,2.01,16.99,0.0
2022-12-10,18.75,27.64,11.94,73.63,1.9,14.55,0.0
2022-12-11,20.97,28.86,14.69,74.56,2.14,12.37,0.02
2022-12-12,22.56,28.74,17.12,77.11,1.57,11.27,0.35
2022-12-13,22.32,28.31,17.63,78.03,1.46,9.8,1.44
2022-12-14,22.12,29.13,16.77,71.04,1.65,14.73,0.57
2022-12-15,22.35,28.77,16.36,71.6,1.3,13.75,0.43
2022-12-16,22.34,28.81,16.48,74.14,1.21,15.36,0.57
2022-12-17,20.38,28.84,14.72,67.05,1.9,17.55,0.68
2022-12-18,18.68,27.57,11.42,61.13,1.65,17.84,0.0
2022-12-19,18.61,27.23,10.82,62.74,1.21,17.01,0.0
2022-12-20,19.61,28.82,11.71,59.27,1.29,15.96,0.0
2022-12-21,19.5,28.67,12.24,64.06,1.53,16.8,0.0
2022-12-22,19.7,29.22,12.1,65.82,1.15,16.93,0.0
2022-12-23,20.08,29.75,12.56,66.19,1.4,16.53,0.0
2022-12-24,20.84,29.71,12.48,66.27,1.54,15.33,0.0
2022-12-25,21.18,29.01,14.31,64.57,0.95,13.79,0.0
2022-12-26,21.3,29.4,13.71,66.53,1.21,14.2,0.0
2022-12-27,22.34,29.65,15.32,65.71,1.17,12.29,0.0
2022-12-28,20.42,29.18,14.07,62.84,1.82,15.32,0.0
2022-12-29,19.48,28.33,10.97,50.74,1.46,17.32,0.0
2022-12-30,20.42,29.66,11.51,59.3,1.14,16.91,0.0
2022-12-31,21.16,29.89,13.81,57.74,1.49,17.08,0.0
2023-01-01,19.15,27.9,12.02,61.49,1.77,15.25,0.0
2023-01-02,18.98,27.52,11.45,62.52,1.52,15.17,0.0
2023-01-03,19.05,27.29,11.28,67.38,1.32,11.83,0.01
2023-01-04,18.49,25.33,13.02,75.65,1.95,2.94,1.72
2023-01-05,17.61,22.79,14.5,78.09,2.17,4.02,0.21
2023-01-06,18.09,26.29,12.11,64.38,1.92,14.34,0.0
2023-01-07,15.63,25.54,7.4,43.23,1.98,18.46,0.0
2023-01-08,15.37,25.45,5.72,42.8,1.56,18.97,0.0
2023-01-09,17.43,27.49,7.1,43.93,1.35,18.63,0.0
2023-01-10,18.73,29.04,8.6,47.19,1.16,18.02,0.0
2023-01-11,19.44,29.22,9.39,45.13,1.3,18.36,0.0
2023-01-12,19.62,29.12,12.32,46.9,1.33,17.85,0.0
2023-01-13,19.66,29.06,11.26,49.89,1.39,17.94,0.0
2023-01-14,20.5,28.8,12.09,55.93,1.28,17.37,0.0
2023-01-15,18.76,27.67,11.14,55.98,1.84,17.2,0.0
2023-01-16,18.75,28.06,10.27,54.73,1.66,13.3,0.0
2023-01-17,19.74,28.46,11.69,60.53,1.41,13.82,0.0
2023-01-18,19.53,28.03,11.41,57.19,1.63,15.26,0.0
2023-01-19,19.96,29.09,12.21,65.32,1.44,15.09,0.0
2023-01-20,20.85,29.8,13.11,67.22,1.84,15.23,0.0
2023-01-21,22.13,30.06,14.85,62.6,1.33,15.42,0.0
2023-01-22,21.75,30.07,14.66,58.87,1.68,15.97,0.0
2023-01-23,21.41,30.43,13.55,57.22,1.69,16.25,0.0
2023-01-24,22.31,31.27,14.21,55.81,2.1,16.54,0.0
2023-01-25,22.52,31.78,15.21,52.23,2.06,16.65,0.0
2023-01-26,22.63,31.04,14.37,44.76,0.95,17.59,0.0
2023-01-27,22.55,31.59,14.13,51.99,1.53,15.78,0.0
2023-01-28,22.92,31.74,15.37,54.47,1.72,17.17,0.0
2023-01-29,23.09,31.77,15.69,54.69,2.4,16.11,0.0
2023-01-30,24.24,32.1,16.94,54.34,1.54,14.2,0.03
2023-01-31,24.3,31.52,18.17,50.47,2.04,14.37,0.01
2023-02-01,21.65,30.16,14.95,41.95,2.9,18.72,0.0
2023-02-02,19.45,30.4,10.69,27.49,2.33,21.95,0.0
2023-02-03,20.52,31.3,9.63,25.87,1.69,21.87,0.0
2023-02-04,21.27,31.96,10.11,25.15,1.56,21.29,0.0
2023-02-05,21.72,32.44,10.89,24.36,1.35,21.58,0.0
2023-02-06,22.82,33.06,11.85,28.07,1.4,20.68,0.0
2023-02-07,23.56,33.21,14.47,27.52,1.27,20.31,0.0
2023-02-08,22.6,33.23,13.25,27.98,1.91,21.51,0.0
2023-02-09,23.5,33.78,12.31,23.68,1.31,21.74,0.0
2023-02-10,24.31,35.0,13.6,23.04,1.15,21.74,0.0
2023-02-11,25.24,35.53,17.3,21.51,1.54,21.89,0.0
2023-02-12,23.68,34.76,14.88,29.74,2.71,21.84,0.0
2023-02-13,22.57,34.1,12.63,20.29,2.27,22.29,0.0
2023-02-14,22.67,33.8,11.28,16.73,1.73,22.56,0.0
2023-02-15,23.92,35.74,13.52,21.47,1.98,22.16,0.0
2023-02-16,24.97,37.16,14.08,23.23,2.18,22.3,0.0
2023-02-17,24.42,34.69,15.04,30.82,2.2,20.1,0.0
2023-02-18,24.86,34.43,15.47,31.19,1.74,20.53,0.0
2023-02-19,25.52,35.91,15.44,26.9,1.51,21.96,0.0
2023-02-20,25.42,36.33,14.6,23.07,1.26,22.86,0.0
2023-02-21,27.7,37.15,19.53,18.84,1.24,22.93,0.0
2023-02-22,26.17,37.3,15.78,14.71,1.66,21.25,0.0
2023-02-23,26.84,37.34,16.53,17.36,1.49,20.87,0.0
2023-02-24,27.12,36.78,16.72,19.22,1.4,23.09,0.0
2023-02-25,26.6,36.52,16.28,19.76,1.51,23.03,0.0
2023-02-26,26.67,35.88,16.12,23.96,1.43,22.18,0.0
2023-02-27,26.61,35.97,16.75,26.12,1.55,20.76,0.0
2023-02-28,27.11,36.08,17.77,29.72,1.48,19.08,0.0
2023-03-01,27.67,36.06,18.92,27.55,1.14,17.27,0.0
2023-03-02,28.5,36.3,20.12,26.77,1.05,17.4,0.0
2023-03-03,28.9,37.0,20.92,28.29,1.37,18.73,0.0
2023-03-04,28.63,37.04,19.71,26.4,1.32,20.88,0.0
2023-03-05,28.86,36.93,19.45,21.93,1.17,17.91,0.01
2023-03-06,28.54,35.98,19.73,24.12,1.3,18.37,0.01
2023-03-07,27.33,35.03,19.69,25.82,1.27,13.18,0.13
2023-03-08,27.66,36.09,19.53,25.73,1.49,23.41,0.32
2023-03-09,27.4,35.51,18.7,23.98,1.69,21.26,0.0
2023-03-10,28.28,36.3,19.49,24.48,1.25,20.99,0.04
2023-03-11,28.01,36.48,18.96,22.13,1.62,23.81,0.0
2023-03-12,28.49,37.12,18.59,21.73,1.4,24.3,0.0
2023-03-13,29.08,37.13,20.6,22.03,1.3,22.71,0.0
2023-03-14,29.09,37.21,21.25,21.98,1.37,16.71,0.02
2023-03-15,29.73,37.12,21.85,24.04,1.15,16.61,0.18
2023-03-16,27.73,34.14,22.25,32.47,1.39,10.34,0.63
2023-03-17,27.17,32.08,23.55,41.84,1.32,19.83,1.68
2023-03-18,24.87,29.38,20.87,56.17,1.81,12.12,5.45
2023-03-19,25.65,32.28,18.74,56.88,1.2,13.75,1.68
2023-03-20,26.78,33.69,19.32,53.05,1.51,22.52,1.17
2023-03-21,27.18,33.02,22.04,48.38,1.12,19.04,0.31
2023-03-22,27.76,34.54,21.3,45.71,1.83,13.91,0.06
2023-03-23,28.27,34.69,21.17,41.73,1.32,19.79,0.0
2023-03-24,30.59,37.51,22.55,35.66,0.79,20.02,0.0
2023-03-25,31.13,38.1,23.74,38.14,1.22,21.76,0.69
2023-03-26,30.51,37.66,24.16,39.73,1.79,21.2,2.06
2023-03-27,29.22,38.21,20.28,25.31,2.11,26.16,0.0
2023-03-28,29.84,39.16,20.22,22.59,1.69,25.58,0.0
2023-03-29,30.59,39.26,20.98,27.63,1.63,24.06,0.0
2023-03-30,31.02,39.9,22.77,27.16,1.98,23.28,0.0
2023-03-31,30.4,37.58,22.82,30.64,1.79,16.95,0.45
2023-04-01,29.86,36.85,23.87,29.66,1.71,22.83,0.07
2023-04-02,30.14,38.03,20.86,26.92,1.54,22.18,0.0
2023-04-03,31.04,38.84,21.72,26.84,1.38,22.64,0.0
2023-04-04,31.77,39.58,22.9,24.35,1.45,22.74,0.0
2023-04-05,32.46,39.98,23.92,24.79,1.6,22.38,0.0
2023-04-06,32.35,39.75,24.25,26.52,1.68,19.71,0.0
2023-04-07,32.24,39.98,24.96,34.47,1.61,16.79,7.82
2023-04-08,27.76,33.12,23.68,52.81,2.52,12.65,2.0
2023-04-09,29.7,36.83,21.63,45.2,1.7,23.27,0.05
2023-04-10,30.29,37.55,24.07,44.46,1.51,23.43,2.48
2023-04-11,32.56,40.48,23.3,38.63,1.3,24.26,0.41
2023-04-12,34.27,41.37,25.76,29.88,0.93,23.95,0.0
2023-04-13,35.17,42.11,28.09,27.0,0.54,19.92,0.0
2023-04-14,33.77,41.92,27.56,27.89,3.48,21.58,0.0
2023-04-15,31.68,38.65,25.74,28.39,2.37,5.87,0.24
2023-04-16,33.64,41.46,24.69,24.4,1.62,24.22,0.01
2023-04-17,34.35,42.41,25.66,21.7,1.39,22.69,0.0
2023-04-18,34.95,41.66,28.96,21.17,1.29,24.11,0.0
2023-04-19,35.51,43.66,27.04,20.16,1.41,24.28,0.75
2023-04-20,32.87,39.18,27.97,25.8,2.51,22.23,0.24
2023-04-21,31.43,38.65,23.88,37.44,2.02,22.96,4.66
2023-04-22,32.02,39.53,25.52,39.6,2.04,21.88,6.95
2023-04-23,29.36,36.61,21.7,54.2,2.08,23.09,2.25
2023-04-24,29.51,36.03,23.24,50.28,3.04,22.7,0.21
2023-04-25,27.65,31.71,24.12,65.69,2.07,21.74,5.78
2023-04-26,27.44,32.55,22.48,64.27,1.59,20.4,2.44
2023-04-27,27.41,33.05,23.11,60.63,0.77,23.46,11.9
2023-04-28,29.58,35.88,23.66,51.13,1.09,25.9,2.43
2023-04-29,28.26,34.38,23.03,63.96,1.9,20.47,7.36
2023-04-30,26.67,31.8,22.29,70.28,1.89,10.76,28.51
2023-05-01,26.71,32.55,21.05,71.27,2.77,22.88,4.39
2023-05-02,27.15,33.04,21.19,66.74,2.14,13.72,7.96
2023-05-03,26.71,32.36,21.73,69.17,1.07,12.37,16.23
2023-05-04,28.61,34.34,22.3,59.55,0.79,23.54,0.53
2023-05-05,29.91,35.13,23.17,54.06,0.79,23.02,0.11
2023-05-06,31.46,37.73,25.34,50.48,0.92,25.28,0.0
2023-05-07,32.22,38.96,26.16,49.1,0.88,20.03,0.37
2023-05-08,32.57,39.39,25.74,51.3,1.2,24.23,0.11
2023-05-09,33.25,39.36,27.19,50.57,0.95,23.07,0.02
2023-05-10,33.27,41.4,25.8,44.06,1.28,26.86,0.0
2023-05-11,32.51,41.32,22.94,33.19,1.75,28.54,0.0
2023-05-12,32.35,41.32,24.26,31.51,1.27,28.85,0.0
2023-05-13,32.36,42.33,20.83,33.49,1.78,28.48,0.0
2023-05-14,34.06,44.17,23.9,33.74,2.12,26.65,0.0
2023-05-15,34.51,43.37,25.98,32.43,3.67,25.29,0.0
2023-05-16,34.9,42.66,27.31,32.06,3.54,24.65,0.0
2023-05-17,35.14,42.37,26.64,33.5,1.94,25.22,0.0
2023-05-18,35.19,41.2,30.41,35.07,2.05,24.79,0.04
2023-05-19,35.61,43.02,28.59,28.12,2.0,25.96,0.0
2023-05-20,36.17,43.88,26.99,26.16,1.84,25.66,0.0
2023-05-21,36.78,44.74,28.15,27.16,1.17,24.04,0.01
2023-05-22,37.05,44.32,29.47,26.58,1.87,19.79,0.06
2023-05-23,37.16,44.11,29.99,25.92,1.15,26.1,0.0
2023-05-24,37.16,44.05,29.44,25.05,2.66,24.25,0.06
2023-05-25,36.06,43.05,29.73,24.76,3.52,27.54,0.12
2023-05-26,35.16,42.54,28.68,27.0,3.97,26.35,0.02
2023-05-27,35.64,42.86,28.31,29.57,2.85,25.04,0.94
2023-05-28,36.44,42.61,30.27,32.13,1.65,21.95,1.94
2023-05-29,35.77,42.35,27.82,32.56,1.08,25.61,0.44
2023-05-30,34.5,40.88,28.4,40.84,1.42,25.74,5.87
2023-05-31,35.06,42.0,27.49,38.89,1.29,27.38,0.01
2023-06-01,35.3,42.91,27.06,25.23,2.4,27.17,0.0
2023-06-02,36.31,43.78,28.03,23.1,3.62,27.52,0.0
2023-06-03,36.4,42.81,29.3,27.4,2.38,23.14,0.01
2023-06-04,37.05,43.44,30.19,27.76,1.57,24.28,0.01
2023-06-05,36.71,42.77,31.33,27.74,2.42,25.47,0.65
2023-06-06,37.15,44.19,28.93,24.46,2.6,25.67,0.01
2023-06-07,37.84,44.16,32.16,25.09,2.4,22.09,0.14
2023-06-08,37.5,44.51,31.37,21.34,2.48,26.54,0.01
2023-06-09,36.46,42.77,29.89,26.88,3.32,19.71,0.0
2023-06-10,37.82,44.62,30.35,23.7,3.51,23.85,0.0
2023-06-11,38.08,44.4,31.46,28.96,3.71,22.83,0.31
2023-06-12,37.94,44.58,32.16,30.96,3.62,22.18,0.53
2023-06-13,37.98,43.96,31.94,31.14,2.77,22.23,0.11
2023-06-14,36.79,43.05,31.98,30.95,4.76,26.23,0.05
2023-06-15,36.33,42.86,30.66,30.37,4.02,25.68,0.01
2023-06-16,37.17,43.52,31.22,29.54,3.81,27.11,0.0
2023-06-17,36.95,43.04,32.61,33.0,5.3,26.01,0.0
2023-06-18,35.15,39.36,31.0,35.39,3.75,23.63,0.0
2023-06-19,36.34,41.58,31.59,32.81,3.21,25.06,0.0
2023-06-20,36.96,41.69,32.03,33.46,3.03,23.05,0.01
2023-06-21,36.06,42.0,31.47,39.64,2.9,20.92,0.04
2023-06-22,30.67,34.38,26.86,63.95,2.12,11.26,17.67
2023-06-23,27.63,30.49,25.87,77.49,2.95,4.75,9.59
2023-06-24,30.01,35.34,24.99,66.97,2.46,14.12,1.5
2023-06-25,29.62,35.3,26.0,70.13,3.1,10.4,23.64
2023-06-26,26.35,29.4,24.47,81.01,4.29,7.89,24.54
2023-06-27,24.77,27.4,22.73,88.14,4.85,6.56,43.0
2023-06-28,25.45,29.73,22.87,82.25,4.21,7.58,4.16
2023-06-29,26.83,31.43,23.41,79.76,3.44,14.43,2.87
2023-06-30,27.19,31.82,23.71,75.69,3.8,14.19,1.52
2023-07-01,28.81,33.91,23.99,72.95,3.48,13.85,0.5
2023-07-02,29.98,34.55,25.86,72.46,2.37,13.72,0.18
2023-07-03,31.15,35.62,26.15,68.91,1.48,18.65,0.07
2023-07-04,30.61,34.28,27.52,73.65,0.93,20.18,6.46
2023-07-05,29.92,34.54,26.35,76.52,1.91,19.61,8.78
2023-07-06,29.2,34.3,25.02,77.3,2.83,15.91,14.34
2023-07-07,27.31,30.28,25.35,85.31,3.05,11.57,18.96
2023-07-08,27.57,30.81,25.27,85.94,3.27,10.57,48.64
2023-07-09,27.32,31.24,24.75,82.2,3.62,12.96,20.31
2023-07-10,28.07,32.48,24.58,81.99,2.42,14.6,20.02
2023-07-11,27.84,31.78,25.01,83.5,3.01,8.58,11.0
2023-07-12,28.69,32.95,25.03,82.3,2.56,11.83,3.41
2023-07-13,28.54,32.68,25.56,82.98,2.59,8.55,5.02
2023-07-14,26.55,28.85,24.48,88.91,3.26,13.88,15.06
2023-07-15,26.46,28.97,24.92,89.72,2.5,9.08,38.14
2023-07-16,27.49,31.68,24.51,83.98,2.68,9.6,12.04
2023-07-17,26.79,29.68,24.74,87.99,3.64,10.69,20.08
2023-07-18,27.6,30.73,25.42,89.45,3.11,10.93,39.39
2023-07-19,29.1,32.67,25.23,81.25,1.47,17.92,27.14
2023-07-20,29.4,32.67,25.82,81.34,1.04,17.37,6.64
2023-07-21,28.3,30.97,25.89,88.31,1.52,10.54,43.87
2023-07-22,28.14,31.08,25.83,87.39,4.0,14.0,8.88
2023-07-23,27.02,29.93,24.95,89.25,4.18,10.2,6.38
2023-07-24,28.45,31.8,25.09,81.73,2.06,15.97,5.22
2023-07-25,29.01,32.66,25.45,81.72,1.58,22.34,9.23
2023-07-26,29.31,32.75,25.69,83.74,0.94,22.29,64.9
2023-07-27,28.98,32.41,26.02,86.79,2.49,18.93,41.92
2023-07-28,27.57,29.51,25.82,92.43,4.03,9.9,23.21
2023-07-29,26.37,28.32,25.06,92.1,3.12,12.1,2.16
2023-07-30,27.14,30.65,24.46,87.11,3.2,13.97,0.46
2023-07-31,27.09,30.15,24.43,87.87,3.04,15.1,0.79
2023-08-01,27.04,29.9,24.82,88.94,3.76,15.13,8.35
2023-08-02,26.07,28.48,24.34,89.53,4.39,6.19,9.95
2023-08-03,25.19,27.1,23.7,91.48,5.12,3.56,24.08
2023-08-04,25.53,28.37,23.29,90.2,3.55,9.42,13.35
2023-08-05,25.9,28.35,23.83,90.25,3.31,15.82,5.45
2023-08-06,26.19,29.31,23.88,88.59,3.24,14.53,1.27
2023-08-07,26.64,30.95,23.36,84.61,3.57,12.8,0.58
2023-08-08,25.83,29.21,23.01,86.51,2.95,11.07,0.01
2023-08-09,26.25,29.57,22.82,85.55,1.97,14.42,0.0
2023-08-10,26.96,31.02,23.28,83.8,2.13,18.79,0.0
2023-08-11,26.81,31.07,23.75,83.78,2.52,21.74,0.0
2023-08-12,26.37,29.48,23.51,85.94,2.48,21.66,0.0
2023-08-13,26.71,30.77,23.54,85.08,2.71,18.33,0.52
2023-08-14,25.64,28.75,23.65,86.57,1.81,13.44,0.27
2023-08-15,26.32,30.3,23.19,83.11,2.19,18.8,0.26
2023-08-16,26.9,31.36,23.19,83.13,2.07,18.32,0.39
2023-08-17,27.49,31.41,23.91,83.07,2.15,17.06,28.96
2023-08-18,25.7,27.49,24.27,92.75,3.08,7.42,36.03
2023-08-19,25.95,28.84,23.78,92.82,3.77,6.41,46.41
2023-08-20,26.77,30.13,24.65,89.7,2.22,11.45,4.93
2023-08-21,26.18,29.36,24.04,89.35,3.36,12.36,3.06
2023-08-22,26.93,30.82,23.92,86.5,2.34,12.21,0.97
2023-08-23,26.65,29.83,24.01,88.13,2.15,11.18,19.18
2023-08-24,26.78,30.4,24.3,87.16,2.48,9.12,5.54
2023-08-25,26.78,30.43,23.57,85.46,2.24,18.8,0.42
2023-08-26,26.91,30.75,24.0,85.7,2.34,21.35,1.16
2023-08-27,26.64,30.93,23.54,85.35,2.7,19.97,0.31
2023-08-28,26.04,30.49,22.31,84.61,2.05,18.0,0.0
2023-08-29,26.25,30.69,21.93,82.06,1.75,18.9,0.0
2023-08-30,26.9,30.86,23.18,80.03,1.85,21.99,0.48
2023-08-31,26.97,31.14,22.35,78.05,1.24,19.27,5.78
2023-09-01,27.95,31.88,22.99,77.4,0.91,21.44,0.58
2023-09-02,28.44,32.33,24.5,80.76,1.24,18.2,0.01
2023-09-03,27.92,31.13,25.06,85.83,1.39,16.21,27.76
2023-09-04,27.88,31.65,24.42,83.21,1.95,18.68,7.64
2023-09-05,27.79,31.82,24.13,83.9,1.89,15.42,6.57
2023-09-06,27.26,31.25,24.21,86.51,1.05,13.09,19.55
2023-09-07,27.23,30.74,23.82,87.18,1.13,11.58,29.08
2023-09-08,26.31,28.97,24.25,92.58,1.54,11.72,22.41
2023-09-09,27.37,30.97,24.51,88.36,1.4,9.22,9.73
2023-09-10,26.77,31.3,23.47,89.04,2.73,11.42,4.98
2023-09-11,26.01,28.75,23.79,90.05,2.7,8.16,2.67
2023-09-12,26.29,30.37,23.34,88.3,2.77,13.43,1.81
2023-09-13,25.58,29.23,22.85,89.79,2.42,10.66,2.61
2023-09-14,25.37,28.49,22.77,91.2,2.84,10.05,27.8
2023-09-15,25.4,27.55,24.05,94.68,4.2,3.77,26.45
2023-09-16,24.88,27.65,22.95,90.91,4.02,7.83,9.21
2023-09-17,26.03,30.05,22.02,82.9,2.01,18.09,1.37
2023-09-18,27.16,30.96,23.3,79.47,1.06,21.72,1.29
2023-09-19,27.22,31.74,22.31,80.87,1.02,21.73,0.0
2023-09-20,26.5,29.93,23.86,87.35,1.39,12.49,6.25
2023-09-21,26.41,30.08,23.43,89.18,1.35,10.14,26.69
2023-09-22,26.58,29.84,24.01,89.0,1.09,7.36,25.27
2023-09-23,26.07,28.48,24.09,94.05,1.59,6.14,36.7
2023-09-24,26.35,29.44,23.81,91.36,1.41,16.29,21.8
2023-09-25,27.02,30.21,23.87,84.75,1.12,19.36,3.11
2023-09-26,26.89,30.42,22.98,84.58,1.37,20.77,0.61
2023-09-27,27.54,30.73,23.75,81.33,0.93,19.6,0.2
2023-09-28,27.47,30.57,24.26,83.6,0.98,16.9,0.48
2023-09-29,27.47,30.57,24.02,81.63,0.81,13.64,5.43
2023-09-30,26.28,29.41,23.55,81.41,1.19,13.14,1.68
2023-10-01,26.83,30.86,22.74,75.85,1.02,18.19,0.28
2023-10-02,26.73,31.38,22.09,84.23,1.75,17.48,2.04
2023-10-03,25.93,30.5,22.34,83.72,2.3,20.51,0.91
2023-10-04,24.89,31.18,19.62,80.48,1.97,21.83,0.0
2023-10-05,24.44,30.58,19.07,83.61,2.07,23.03,0.0
2023-10-06,24.65,30.73,18.07,80.36,1.58,22.37,0.0
2023-10-07,26.14,31.55,20.1,78.39,1.33,21.35,0.0
2023-10-08,26.96,31.71,21.18,75.43,1.06,22.02,0.0
2023-10-09,26.72,31.41,21.18,75.39,1.08,21.76,0.0
2023-10-10,26.53,31.23,20.76,72.98,0.91,21.61,0.0
2023-10-11,26.65,31.46,21.28,72.83,0.71,20.78,0.0
2023-10-12,27.05,31.5,22.65,70.32,0.44,20.14,0.0
2023-10-13,26.91,31.3,22.99,69.83,0.64,19.54,0.0
2023-10-14,26.37,31.4,21.74,69.33,0.64,19.62,0.0
2023-10-15,25.25,30.17,21.01,76.13,0.78,17.92,0.08
2023-10-16,25.31,30.2,20.81,77.03,0.79,18.32,0.01
2023-10-17,25.0,30.56,19.62,74.81,0.8,17.36,0.0
2023-10-18,25.1,30.01,20.08,78.39,0.94,17.65,0.9
2023-10-19,24.7,29.71,20.06,82.01,1.12,17.07,0.13
2023-10-20,23.88,28.98,19.81,83.66,1.39,17.21,0.24
2023-10-21,22.86,28.72,18.06,82.39,1.62,20.27,0.0
2023-10-22,21.95,28.38,16.47,79.7,1.35,20.12,0.0
2023-10-23,21.29,27.95,15.22,78.74,1.54,20.48,0.0
2023-10-24,20.72,27.32,14.83,75.77,1.79,20.39,0.0
2023-10-25,21.1,27.56,14.89,75.26,1.44,19.77,0.0
2023-10-26,21.12,27.62,14.61,70.78,1.33,19.74,0.0
2023-10-27,20.59,27.35,15.37,71.35,1.14,19.75,0.0
2023-10-28,20.23,27.07,14.23,75.23,1.23,19.77,0.0
2023-10-29,20.03,27.02,13.66,78.7,1.41,19.66,0.0
2023-10-30,20.26,26.26,14.7,81.25,1.73,19.06,0.0
2023-10-31,20.7,26.69,14.86,83.11,1.78,18.58,0.0
2023-11-01,20.84,26.68,15.75,80.94,1.6,17.37,0.0
2023-11-02,22.42,27.77,16.62,83.15,1.16,16.28,0.0
2023-11-03,24.06,28.45,19.88,81.56,0.86,16.48,0.0
2023-11-04,23.22,28.73,18.64,77.42,1.57,18.06,0.0
2023-11-05,22.51,28.79,18.06,78.62,1.87,17.55,0.0
2023-11-06,21.59,27.86,16.07,75.34,1.86,16.53,0.0
2023-11-07,22.45,28.62,18.23,72.24,1.38,16.97,0.0
2023-11-08,21.88,28.55,15.75,70.42,1.18,17.09,0.0
2023-11-09,22.0,28.51,16.13,71.72,1.15,17.2,0.0
2023-11-10,22.04,28.66,16.05,74.37,1.14,16.64,0.0
2023-11-11,22.84,29.46,17.32,72.13,0.78,16.37,0.0
2023-11-12,23.25,29.4,17.67,70.08,0.81,15.91,0.0
2023-11-13,21.59,28.31,15.91,78.77,1.38,16.09,0.0
2023-11-14,20.83,27.32,16.08,78.49,1.46,15.87,0.0
2023-11-15,20.29,27.4,14.82,78.13,1.68,15.87,0.0
2023-11-16,19.8,27.45,14.05,73.33,1.83,15.87,0.0
2023-11-17,19.74,27.13,12.64,68.41,1.25,17.05,0.0
2023-11-18,21.51,28.68,14.29,76.82,1.12,17.22,0.0
2023-11-19,21.63,28.78,15.99,78.68,1.75,16.39,0.0
2023-11-20,20.75,28.29,15.02,78.78,1.9,16.1,0.0
2023-11-21,21.04,28.13,14.69,75.59,1.56,16.34,0.0
2023-11-22,21.09,27.96,14.97,73.79,1.14,14.81,0.0
2023-11-23,20.72,28.16,14.48,74.27,1.31,14.35,0.0
2023-11-24,20.16,26.74,15.23,76.79,1.62,13.24,0.0
2023-11-25,20.13,27.01,15.86,75.11,1.45,14.06,0.0
2023-11-26,19.39,26.17,14.31,75.63,1.74,11.57,0.1
2023-11-27,19.57,24.25,15.81,87.71,1.94,4.71,18.52
2023-11-28,20.68,25.84,17.26,88.47,2.16,3.03,11.52
2023-11-29,21.22,26.54,17.55,87.05,1.96,10.55,7.54
2023-11-30,22.48,28.41,17.15,81.27,1.56,11.22,0.32
2023-12-01,21.63,27.22,17.2,81.28,1.57,9.17,0.29
2023-12-02,22.08,28.93,16.96,79.88,2.04,15.8,0.06
2023-12-03,21.51,28.66,17.2,78.85,2.35,13.98,0.0
2023-12-04,21.42,27.84,16.36,78.35,2.45,13.29,0.12
2023-12-05,21.08,25.12,18.63,83.4,2.79,8.89,0.88
2023-12-06,20.32,23.91,17.94,89.53,3.48,4.55,9.63
2023-12-07,21.05,25.07,18.33,87.11,2.04,5.2,2.22
2023-12-08,21.45,26.86,16.74,79.07,1.02,8.49,0.04
2023-12-09,20.75,26.17,15.96,74.97,1.08,15.44,0.0
2023-12-10,19.12,25.97,13.05,72.21,1.26,16.39,0.0
2023-12-11,18.68,26.19,12.11,74.71,1.05,15.96,0.0
2023-12-12,18.95,26.01,12.0,76.47,1.04,14.05,0.0
2023-12-13,19.45,26.6,13.26,74.4,1.17,14.21,0.0
2023-12-14,18.53,26.28,12.17,75.38,1.37,15.69,0.0
2023-12-15,17.09,25.1,11.37,72.8,1.54,16.23,0.0
2023-12-16,16.82,24.67,8.96,63.13,1.25,16.41,0.0
2023-12-17,16.99,24.99,9.74,67.01,1.3,14.4,0.0
2023-12-18,16.19,24.58,11.37,66.99,2.06,16.06,0.0
2023-12-19,15.69,24.5,9.2,59.21,2.08,16.39,0.0
2023-12-20,15.97,24.08,8.86,55.99,1.73,16.23,0.0
2023-12-21,16.96,25.07,9.5,57.96,1.41,15.94,0.0
2023-12-22,18.45,25.68,10.69,56.96,1.14,16.38,0.0
2023-12-23,17.63,26.33,12.76,67.81,1.76,16.51,0.0
2023-12-24,17.28,26.75,9.63,69.37,1.61,15.12,0.0
2023-12-25,18.64,27.31,10.77,66.69,1.34,14.85,0.0
2023-12-26,18.88,27.87,11.04,67.09,1.26,15.18,0.0
2023-12-27,18.55,27.35,11.13,70.59,1.43,15.0,0.0
2023-12-28,17.89,26.52,11.37,73.29,1.37,12.65,0.0
2023-12-29,18.12,26.77,11.61,76.5,1.48,11.24,0.0
2023-12-30,18.89,27.44,12.18,75.56,1.22,12.01,0.0
2023-12-31,18.82,27.7,12.16,74.71,1.39,13.07,0.0
2024-01-01,18.78,27.49,12.34,73.74,1.65,13.09,0.0
2024-01-02,18.57,27.43,11.97,73.2,1.63,13.09,0.0
2024-01-03,18.94,27.65,11.98,72.34,1.46,12.49,0.0
2024-01-04,19.4,27.47,13.38,72.17,1.44,8.65,0.0
2024-01-05,19.15,25.65,13.86,73.39,1.55,9.87,0.2
2024-01-06,19.05,24.66,15.12,73.86,1.33,7.16,2.58
2024-01-07,19.97,28.18,14.41,68.86,1.88,11.63,0.24
2024-01-08,20.01,29.2,13.09,69.62,1.63,15.04,0.0
2024-01-09,20.85,29.29,12.78,66.14,1.38,14.39,0.0
2024-01-10,21.74,29.29,15.77,66.38,1.25,11.46,0.01
2024-01-11,21.57,28.73,15.45,67.41,1.51,14.95,0.05
2024-01-12,22.12,29.51,15.12,65.19,1.42,16.68,0.0
2024-01-13,21.94,29.95,14.11,61.38,1.27,16.88,0.0
2024-01-14,21.66,29.77,14.07,61.17,1.27,15.55,0.0
2024-01-15,20.55,28.93,13.31,57.95,1.53,16.99,0.0
2024-01-16,19.72,28.49,11.71,58.06,1.72,17.05,0.0
2024-01-17,20.33,28.48,12.05,66.01,1.5,12.69,0.1
2024-01-18,20.94,28.36,14.61,66.51,1.3,8.75,0.03
2024-01-19,19.65,27.59,12.72,63.57,2.31,12.83,0.0
2024-01-20,20.29,26.26,15.38,72.9,1.91,10.66,0.6
2024-01-21,21.08,27.97,15.42,66.06,1.66,12.92,0.22
2024-01-22,19.23,28.32,10.86,53.83,1.81,12.6,0.17
2024-01-23,19.28,27.2,13.33,68.29,1.43,8.65,1.25
2024-01-24,17.19,26.88,9.88,48.07,2.34,17.06,0.01
2024-01-25,15.99,25.72,7.55,43.63,2.09,18.23,0.0
2024-01-26,17.35,27.34,8.69,56.4,1.74,17.59,0.0
2024-01-27,18.88,29.18,9.07,47.76,1.57,15.16,0.0
2024-01-28,19.61,29.88,9.9,48.17,1.26,16.49,0.0
2024-01-29,20.64,30.71,10.82,47.71,1.13,15.53,0.0
2024-01-30,21.65,29.7,13.02,43.89,1.07,17.05,0.0
2024-01-31,21.22,29.19,13.98,49.79,1.22,11.34,0.0
2024-02-01,22.24,30.25,15.1,54.49,1.09,14.34,0.58
2024-02-02,21.83,30.52,15.2,55.62,1.71,15.99,0.42
2024-02-03,22.04,30.91,13.52,46.57,1.66,19.03,0.0
2024-02-04,23.01,32.48,13.79,46.67,1.14,19.0,0.0
2024-02-05,24.45,33.82,16.22,44.11,1.56,18.18,0.0
2024-02-06,25.53,34.25,17.07,42.37,1.17,18.95,0.0
2024-02-07,24.07,32.79,16.24,46.05,2.02,19.02,0.0
2024-02-08,21.76,29.89,14.82,38.03,2.67,19.32,0.0
2024-02-09,21.21,30.94,12.67,28.32,1.96,20.81,0.0
2024-02-10,22.04,31.22,12.86,43.75,2.0,12.93,0.34
2024-02-11,23.92,33.01,15.62,54.88,1.97,8.93,5.06
2024-02-12,24.49,32.2,17.55,62.83,2.26,13.46,0.42
2024-02-13,25.17,32.41,19.69,51.17,2.91,14.32,0.0
2024-02-14,25.44,33.79,17.81,42.67,2.09,17.25,0.0
2024-02-15,24.31,33.15,17.33,47.36,1.79,16.98,0.0
2024-02-16,24.7,32.85,16.82,46.82,1.62,17.15,0.16
2024-02-17,25.3,33.51,17.69,41.85,1.36,17.94,0.01
2024-02-18,26.31,33.81,19.3,35.85,1.2,15.81,0.0
2024-02-19,26.18,35.02,17.75,33.24,1.83,18.21,0.0
2024-02-20,26.31,35.06,19.4,33.31,1.19,20.39,0.0
2024-02-21,26.11,35.17,17.89,29.49,2.16,21.47,0.0
2024-02-22,24.51,33.14,17.67,32.7,2.87,22.0,0.0
2024-02-23,23.99,32.27,15.42,28.34,1.43,20.91,0.0
2024-02-24,24.47,33.59,15.47,30.44,1.82,21.25,0.0
2024-02-25,24.76,33.52,15.43,35.97,1.66,19.8,0.0
2024-02-26,26.86,34.01,20.24,51.88,2.2,12.46,2.33
2024-02-27,27.65,35.02,20.72,49.14,2.1,11.97,0.37
2024-02-28,27.34,34.66,20.62,46.19,1.46,19.75,0.05
2024-02-29,27.75,35.69,19.95,34.56,1.62,21.56,0.05
2024-03-01,27.98,36.81,19.76,28.29,1.37,22.46,0.0
2024-03-02,27.76,35.92,19.18,35.32,1.69,12.68,0.36
2024-03-03,29.09,35.6,24.22,38.04,2.22,19.55,0.07
2024-03-04,26.61,34.03,20.66,29.14,2.39,22.03,0.01
2024-03-05,25.32,34.61,14.49,22.65,1.89,23.54,0.01
2024-03-06,27.07,36.08,17.12,25.85,1.89,21.1,0.02
2024-03-07,27.05,36.3,18.1,27.12,2.03,22.9,0.19
2024-03-08,26.19,35.48,16.53,24.26,1.97,23.24,0.0
2024-03-09,26.01,35.74,16.66,26.67,2.26,23.76,0.0
2024-03-10,27.71,36.79,17.13,25.04,1.91,22.96,0.0
2024-03-11,29.22,38.36,19.9,22.99,1.36,23.19,0.0
2024-03-12,29.54,38.9,20.12,25.32,1.84,23.43,0.0
2024-03-13,29.86,39.49,20.89,21.95,2.38,24.47,0.0
2024-03-14,28.6,38.04,20.26,17.47,2.36,25.2,0.0
2024-03-15,29.68,38.28,19.8,18.96,1.52,24.48,0.0
2024-03-16,30.06,38.41,20.66,31.25,1.83,18.32,0.3
2024-03-17,30.52,37.7,22.63,43.88,1.56,20.18,1.23
2024-03-18,30.48,37.02,23.9,42.79,1.62,18.51,2.39
2024-03-19,28.34,35.78,23.01,52.3,2.19,16.28,10.17
2024-03-20,26.3,34.33,19.27,52.17,1.4,22.4,0.42
2024-03-21,25.86,34.35,16.73,45.37,1.35,25.09,0.04
2024-03-22,27.84,36.86,18.88,38.42,1.21,25.01,0.0
2024-03-23,28.88,38.32,19.07,32.48,1.07,24.56,0.0
2024-03-24,30.47,38.99,23.18,29.1,1.18,22.45,0.0
2024-03-25,31.13,39.89,22.74,29.84,1.36,21.63,0.95
2024-03-26,30.49,39.09,21.13,28.34,1.14,23.03,0.07
2024-03-27,31.5,40.15,22.46,32.28,1.7,21.99,0.0
2024-03-28,32.57,41.06,24.36,29.93,1.7,23.17,0.0
2024-03-29,33.68,42.17,25.05,27.02,1.4,18.46,0.0
2024-03-30,34.07,41.01,26.04,28.57,1.12,18.51,0.18
2024-03-31,31.24,37.21,26.08,36.72,2.37,19.57,2.35
2024-04-01,32.91,41.73,24.34,26.71,2.06,22.11,0.0
2024-04-02,31.97,40.33,24.29,18.94,2.14,25.92,0.0
2024-04-03,33.04,41.74,24.16,18.75,1.68,23.25,0.0
2024-04-04,33.94,42.27,25.42,21.88,1.93,22.36,0.0
2024-04-05,33.31,42.5,24.74,21.02,1.84,25.89,0.0
2024-04-06,33.72,42.12,25.06,21.32,2.19,21.72,0.0
2024-04-07,32.24,38.14,27.74,25.12,2.0,8.05,1.4
2024-04-08,30.9,38.47,24.93,38.58,3.3,16.9,8.02
2024-04-09,29.6,37.0,22.84,49.46,2.87,18.48,4.72
2024-04-10,29.56,36.7,22.53,55.31,1.18,21.05,11.42
2024-04-11,27.8,33.83,22.12,60.51,2.22,13.01,6.52
2024-04-12,28.04,33.93,21.93,57.62,2.05,17.86,13.76
2024-04-13,26.97,32.98,22.16,59.67,1.29,19.84,2.53
2024-04-14,29.5,36.7,21.69,55.96,1.57,24.22,1.42
2024-04-15,31.07,37.96,23.77,52.69,1.17,22.09,0.48
2024-04-16,33.57,40.71,26.32,46.82,1.03,20.93,0.15
2024-04-17,33.67,41.67,25.56,43.15,1.5,26.71,0.0
2024-04-18,33.23,41.59,24.7,40.75,1.57,26.72,0.0
2024-04-19,34.16,42.17,25.88,37.55,1.19,25.19,0.0
2024-04-20,34.64,41.88,26.11,38.19,1.0,24.07,0.03
2024-04-21,34.71,42.21,27.61,32.32,2.02,23.23,0.01
2024-04-22,31.98,38.04,26.6,38.48,2.07,7.88,2.82
2024-04-23,30.71,37.19,25.98,47.86,1.6,23.51,0.73
2024-04-24,32.27,40.14,24.87,44.95,1.24,25.08,2.02
2024-04-25,33.86,41.25,26.47,35.65,0.8,22.8,0.03
2024-04-26,34.97,42.28,27.54,33.21,1.38,16.61,0.65
2024-04-27,34.12,41.62,26.02,37.11,1.66,22.33,1.63
2024-04-28,33.8,41.45,27.11,39.7,1.66,16.64,1.77
2024-04-29,34.73,41.83,28.08,38.77,1.5,20.2,0.75
2024-04-30,34.32,42.02,28.45,39.53,1.67,25.6,3.11
2024-05-01,33.91,43.1,25.12,23.66,2.74,26.87,0.0
2024-05-02,32.83,41.86,23.31,14.86,1.96,29.51,0.0
2024-05-03,33.34,42.35,22.78,12.95,1.76,29.12,0.0
2024-05-04,33.24,42.0,23.06,13.42,1.28,27.03,0.0
2024-05-05,35.91,45.45,25.39,16.23,1.88,27.93,0.0
2024-05-06,36.76,44.89,28.99,20.47,2.61,26.3,0.0
2024-05-07,35.52,43.0,29.38,33.44,3.06,22.93,4.93
2024-05-08,33.38,40.68,26.83,43.27,3.07,24.29,0.02
2024-05-09,33.36,41.5,25.72,41.52,3.02,13.85,3.66
2024-05-10,31.33,38.36,25.0,55.52,2.35,25.87,16.9
2024-05-11,33.46,41.04,26.55,51.56,1.81,24.23,0.0
2024-05-12,33.4,40.58,26.29,49.51,1.34,20.9,0.32
2024-05-13,32.8,39.07,25.91,47.32,1.3,23.01,2.3
2024-05-14,33.54,39.78,27.77,39.39,1.24,23.98,0.63
2024-05-15,32.1,37.47,26.62,44.98,1.32,18.74,0.95
2024-05-16,32.49,38.85,26.66,45.31,1.75,20.57,0.52
2024-05-17,31.03,35.6,27.37,56.36,1.94,13.3,0.82
2024-05-18,32.27,39.16,25.03,49.93,1.95,24.15,0.0
2024-05-19,34.24,41.42,27.01,44.13,2.6,24.39,0.01
2024-05-20,35.27,42.19,27.86,40.46,2.15,24.76,1.05
2024-05-21,36.58,43.77,29.53,35.71,1.47,21.29,0.24
2024-05-22,36.95,43.94,29.61,35.66,1.86,23.71,1.52
2024-05-23,37.25,43.53,30.5,34.82,1.42,23.69,0.12
2024-05-24,38.03,44.56,31.56,30.75,1.77,24.39,0.01
2024-05-25,37.23,44.96,29.4,28.58,2.14,22.15,0.0
2024-05-26,38.12,45.84,29.41,27.97,2.98,19.16,0.0
2024-05-27,39.26,47.42,29.93,21.78,3.63,24.14,0.01
2024-05-28,39.35,47.56,31.72,23.91,4.73,25.02,0.12
2024-05-29,38.74,46.37,31.92,23.81,3.72,26.5,0.0
2024-05-30,39.08,46.66,31.26,24.92,3.16,26.11,0.01
2024-05-31,39.47,46.27,33.21,19.94,3.57,26.2,0.0
2024-06-01,39.24,45.67,32.44,20.04,2.76,23.81,0.0
2024-06-02,38.51,44.26,33.23,27.0,2.44,16.86,0.08
2024-06-03,33.52,37.6,30.71,47.91,2.38,22.86,7.31
2024-06-04,34.25,41.1,27.27,47.51,3.11,18.37,1.77
2024-06-05,35.24,41.43,28.69,40.89,1.97,20.62,0.0
2024-06-06,35.81,42.21,29.32,40.58,2.08,18.94,0.37
2024-06-07,36.69,43.52,30.09,38.51,2.84,22.74,0.85
2024-06-08,34.55,40.39,30.03,44.18,2.89,21.12,2.98
2024-06-09,34.65,40.76,28.29,45.56,1.73,20.56,1.17
2024-06-10,35.2,40.97,28.86,45.46,1.75,20.89,1.16
2024-06-11,36.36,42.6,29.74,41.33,1.38,21.14,2.41
2024-06-12,34.62,39.8,29.26,47.54,2.59,19.38,3.45
2024-06-13,34.9,41.16,28.72,46.04,3.09,18.75,0.06
2024-06-14,34.89,41.01,29.13,44.72,3.03,18.93,1.8
2024-06-15,35.0,41.49,28.63,45.96,3.83,22.41,0.13
2024-06-16,34.77,39.54,29.59,46.45,2.2,17.05,0.38
2024-06-17,34.33,39.61,29.6,50.21,2.54,17.04,5.73
2024-06-18,29.9,32.19,28.15,72.88,2.31,18.03,5.39
2024-06-19,29.28,33.08,26.69,74.97,2.86,16.14,7.09
2024-06-20,28.91,33.14,25.86,72.72,3.02,18.91,7.28
2024-06-21,29.2,34.04,25.7,75.07,2.85,19.9,18.31
2024-06-22,29.43,33.24,25.38,73.05,1.57,12.89,7.83
